"Main ID","Incident ID",Region,"Incident Date",Year,"Reported Month","Number Dead","Minimum Estimated Number of Missing","Total Number of Dead and Missing","Number of Survivors","Number of Females","Number of Males","Number of Children","Cause of Death","Location of death","Information Source",Coordinates,"Migrantion route",URL,"UNSD Geographical Grouping","Source Quality"
2014.MMP00001,2014.MMP00001,"North America","Mon, 01/06/2014 - 12:00",2014,January,1,,1,,,1,,"Mixed or unknown","Pima Country Office of the Medical Examiner jurisdiction, Arizona, USA (see coordinates for exact location)","Pima County Office of the Medical Examiner (PCOME)","31.650259, -110.366453","US-Mexico border crossing",http://humaneborders.info/,"Northern America",5
2014.MMP00002,2014.MMP00002,"North America","Sun, 01/12/2014 - 12:00",2014,January,1,,1,,,,,"Mixed or unknown","Pima Country Office of the Medical Examiner jurisdiction, Arizona, USA (see coordinates for exact location)","Pima County Office of the Medical Examiner (PCOME)","31.59713, -111.73756","US-Mexico border crossing",,"Northern America",5
2014.MMP00003,2014.MMP00003,"North America","Tue, 01/14/2014 - 12:00",2014,January,1,,1,,,,,"Mixed or unknown","Pima Country Office of the Medical Examiner jurisdiction, Arizona, USA (see coordinates for exact location)","Pima County Office of the Medical Examiner (PCOME)","31.94026, -113.01125","US-Mexico border crossing",,"Northern America",5
2014.MMP00004,2014.MMP00004,"North America","Thu, 01/16/2014 - 12:00",2014,January,1,,1,,,1,,Violence,"near Douglas, Arizona, USA","Ministry of Foreign Affairs Mexico, Pima County Office of the Medical Examiner (PCOME)","31.506777, -109.315632","US-Mexico border crossing",http://bit.ly/1qfIw00,"Northern America",5
2014.MMP00005,2014.MMP00005,Europe,"Thu, 01/16/2014 - 12:00",2014,January,1,0,1,2,,1,,"Harsh environmental conditions / lack of adequate shelter, food, water","Border between Russia and Estonia","EUBusiness (Agence France-Presse)","59.1551, 28",,http://bit.ly/1rTFTjR,"Northern Europe",1
2014.MMP00006,2014.MMP00006,"North America","Fri, 01/17/2014 - 12:00",2014,January,1,,1,,,,,Violence,"Pima Country Office of the Medical Examiner jurisdiction, Arizona, USA (see coordinates for exact location)","Pima County Office of the Medical Examiner (PCOME)","32.45435, -113.18402","US-Mexico border crossing",,"Northern America",5
2014.MMP00007,2014.MMP00007,Mediterranean,"Sun, 01/19/2014 - 12:00",2014,January,12,,12,,9,,3,Drowning,"Waters near Greece while being towed back to Turkey","European Council on Refugees and Exiles","37.2832, 27","Eastern Mediterranean",http://bit.ly/2aMCwfg,Uncategorized,5
2014.MMP00008,2014.MMP00008,"North America","Wed, 01/22/2014 - 12:00",2014,January,1,,1,,,,,"Mixed or unknown","Pima Country Office of the Medical Examiner jurisdiction, Arizona, USA (see coordinates for exact location)","Pima County Office of the Medical Examiner (PCOME)","32.478317, -113.182833","US-Mexico border crossing",,"Northern America",5
2014.MMP00009,2014.MMP00009,"North America","Fri, 01/24/2014 - 12:00",2014,January,1,,1,,,,,"Mixed or unknown","Pima Country Office of the Medical Examiner jurisdiction, Arizona, USA (see coordinates for exact location)","Pima County Office of the Medical Examiner (PCOME)","31.81154, -111.01101","US-Mexico border crossing",,"Northern America",5
2014.MMP00010,2014.MMP00010,"North America","Fri, 01/24/2014 - 12:00",2014,January,1,,1,,,,,"Mixed or unknown","Pima Country Office of the Medical Examiner jurisdiction, Arizona, USA (see coordinates for exact location)","Pima County Office of the Medical Examiner (PCOME)","32.174017, -112.174583","US-Mexico border crossing",,"Northern America",5
2014.MMP00011,2014.MMP00011,"North America","Sat, 01/25/2014 - 12:00",2014,January,1,,1,,,1,,"Mixed or unknown","Pima Country Office of the Medical Examiner jurisdiction, Arizona, USA (see coordinates for exact location)","Pima County Office of the Medical Examiner (PCOME)","32.40291, -113.02935","US-Mexico border crossing",,"Northern America",5
2014.MMP00012,2014.MMP00012,"North America","Tue, 01/28/2014 - 12:00",2014,January,1,,1,,,,,"Mixed or unknown","Pima Country Office of the Medical Examiner jurisdiction, Arizona, USA (see coordinates for exact location)","Pima County Office of the Medical Examiner (PCOME)","32.159, -112.919","US-Mexico border crossing",,"Northern America",5
2014.MMP00013,2014.MMP00013,"North America","Wed, 01/29/2014 - 12:00",2014,January,1,,1,,,,,"Mixed or unknown","Pima Country Office of the Medical Examiner jurisdiction, Arizona, USA (see coordinates for exact location)","Pima County Office of the Medical Examiner (PCOME)","32.481483, -111.654933","US-Mexico border crossing",,"Northern America",5
2014.MMP00014,2014.MMP00014,"North America","Wed, 01/29/2014 - 12:00",2014,January,1,,1,,,,,"Mixed or unknown","Pima Country Office of the Medical Examiner jurisdiction, Arizona, USA (see coordinates for exact location)","Pima County Office of the Medical Examiner (PCOME)","32.481683, -111.654933","US-Mexico border crossing",,"Northern America",5
2014.MMP00015,2014.MMP00015,Europe,"Thu, 01/30/2014 - 12:00",2014,January,1,0,1,2,,1,1,"Vehicle accident / death linked to hazardous transport","France - Calais","Calais Migrant Solidarity","50.9355, 2","English Channel to the UK",http://bit.ly/1icTIF9,"Western Europe",4
2014.MMP00016,2014.MMP00016,Caribbean,"Thu, 01/30/2014 - 12:00",2014,January,1,,1,,,1,1,Drowning,"Off the coast of Fort Lauderdale, Florida",Local10.com,"26.116, -80",,http://bit.ly/1zU2LSq,Caribbean,1
2014.MMP00017,2014.MMP00017,"South-eastern Asia","Sun, 02/02/2014 - 12:00",2014,February,5,,5,500,,5,,"Sickness / lack of access to adequate healthcare","Hat Yai hospital, 182 Ratthakan, Hat Yai, Hat Yai District, Songkhla 90110","Manager Online","7.0167471, 100.4674982",,https://archive.vn/fHipt,"South-eastern Asia",1
2014.MMP00018,2014.MMP00018,Mediterranean,"Thu, 02/06/2014 - 12:00",2014,February,15,0,15,0,,1,,Violence,"Ceuta waters",L'Espresso,"35.8793, -5","Western Mediterranean","http://bit.ly/U4b8wu, http://bit.ly/2kyBK8g, http://bit.ly/2kzHPRO",Uncategorized,1
2014.MMP00019,2014.MMP00019,"North America","Tue, 02/11/2014 - 12:00",2014,February,1,,1,,,,,"Mixed or unknown","Pima Country Office of the Medical Examiner jurisdiction, Arizona, USA (see coordinates for exact location)","Pima County Office of the Medical Examiner (PCOME)","31.8054, -111.854867","US-Mexico border crossing",,"Northern America",5
2014.MMP00020,2014.MMP00020,"North America","Sun, 02/16/2014 - 12:00",2014,February,1,,1,,,,,"Mixed or unknown","Pima Country Office of the Medical Examiner jurisdiction, Arizona, USA (see coordinates for exact location)","Pima County Office of the Medical Examiner (PCOME)","31.992833, -111.385833","US-Mexico border crossing",,"Northern America",5
2014.MMP00021,2014.MMP00021,"North America","Sun, 02/16/2014 - 12:00",2014,February,1,,1,,,,,"Mixed or unknown","Pima Country Office of the Medical Examiner jurisdiction, Arizona, USA (see coordinates for exact location)","Pima County Office of the Medical Examiner (PCOME)","32.17305, -112.20211","US-Mexico border crossing",,"Northern America",5
2014.MMP00022,2014.MMP00022,Mediterranean,"Mon, 02/17/2014 - 12:00",2014,February,2,0,2,121,,2,,"Mixed or unknown","Italy waters","Malta Today","34.5645, 16","Central Mediterranean",http://bit.ly/V7JIqE,Uncategorized,1
2014.MMP00023,2014.MMP00023,"North America","Mon, 02/17/2014 - 12:00",2014,February,1,,1,,,,,"Mixed or unknown","Pima Country Office of the Medical Examiner jurisdiction, Arizona, USA (see coordinates for exact location)","Pima County Office of the Medical Examiner (PCOME)","32.00768, -112.1726","US-Mexico border crossing",,"Northern America",5
2014.MMP00024,2014.MMP00024,"North America","Tue, 02/18/2014 - 12:00",2014,February,1,,1,2,,1,,Violence,"California-Mexico border near San Diego, California, USA",CNN,"32.5543, -117","US-Mexico border crossing",http://cnn.it/1jGgOUo,"Northern America",1
2014.MMP00025,2014.MMP00025,Caribbean,"Thu, 02/20/2014 - 12:00",2014,February,8,0,8,0,,,,Drowning,"Dominican Republic",AP,"18.4505, -68",,http://bit.ly/1sWDTeE,Caribbean,1
2014.MMP00026,2014.MMP00026,"North America","Thu, 02/20/2014 - 12:00",2014,February,1,,1,,,1,,"Mixed or unknown","Pima Country Office of the Medical Examiner jurisdiction, Arizona, USA (see coordinates for exact location)","Pima County Office of the Medical Examiner (PCOME)","31.82214, -111.96383","US-Mexico border crossing",,"Northern America",5
2014.MMP00027,2014.MMP00027,"North America","Fri, 02/21/2014 - 12:00",2014,February,1,,1,,,,,"Mixed or unknown","Pima Country Office of the Medical Examiner jurisdiction, Arizona, USA (see coordinates for exact location)","Pima County Office of the Medical Examiner (PCOME)","32.08795, -112.58407","US-Mexico border crossing",,"Northern America",5
2014.MMP00028,2014.MMP00028,"North America","Tue, 02/25/2014 - 12:00",2014,February,1,,1,,,,,"Mixed or unknown","Pima Country Office of the Medical Examiner jurisdiction, Arizona, USA (see coordinates for exact location)","Pima County Office of the Medical Examiner (PCOME)","32.0885, -112.44956","US-Mexico border crossing",,"Northern America",5
2014.MMP00029,2014.MMP00029,"Southern Asia","Wed, 02/26/2014 - 12:00",2014,February,1,0,1,0,,1,,Violence,India,"Daily Star","25.1841, 89",,http://bit.ly/1vs5kco,"Southern Asia",1
2014.MMP00030,2014.MMP00030,"Eastern Africa","Wed, 02/26/2014 - 12:00",2014,February,11,6,17,0,,,,Drowning,"Gulf of Aden (left from Djibouti)",IOM,"20.2802, 39","Horn of Africa to Yemen crossing",http://bit.ly/1pTfmSe,Uncategorized,4
2014.MMP00031,2014.MMP00031,Mediterranean,"Thu, 02/27/2014 - 12:00",2014,February,7,,7,,,,,Violence,"Libyan Coast","Libya herald","33.1597, 15","Central Mediterranean",http://bit.ly/1lvR4Ka,Uncategorized,1
2014.MMP00032,2014.MMP00032,"North America","Tue, 03/04/2014 - 12:00",2014,March,1,,1,,1,,,"Harsh environmental conditions / lack of adequate shelter, food, water","Pima Country Office of the Medical Examiner jurisdiction, Arizona, USA (see coordinates for exact location)","Pima County Office of the Medical Examiner (PCOME)","31.759, -110.51916","US-Mexico border crossing",http://humaneborders.info/,"Northern America",5
2014.MMP00033,2014.MMP00033,Europe,"Sun, 03/09/2014 - 12:00",2014,March,1,0,1,0,,1,,Violence,"France - Calais (Killed on motorway)","La Voix du Nord, Daily Mail UK","50.9365, 2","English Channel to the UK","https://archive.vn/USuIs, http://dailym.ai/1iYPbax","Western Europe",1
2014.MMP00034,2014.MMP00034,"South-eastern Asia","Sun, 03/09/2014 - 12:00",2014,March,5,,5,4,2,3,,"Vehicle accident / death linked to hazardous transport","Bypass Road, Moo 7, Bang Phra subdistrict, Sri Racha district, Chonburi province, Thailand","Manager Online, INN News, Khomchudluek","13.2353642, 101",,"https://archive.vn/d2PId, https://archive.vn/e7gb0, https://archive.vn/aBj2m","South-eastern Asia",
2014.MMP00035,2014.MMP00035,"South-eastern Asia","Sun, 03/09/2014 - 12:00",2014,March,2,,2,10,,2,,"Vehicle accident / death linked to hazardous transport","Moo 13, 38th km of the 4006 Langsuan-Pato Road, Pato district, Chumphon province, Thailand","INN News, Manager Online, Daily News","9.96833, 99",,"https://archive.vn/rni6s, https://archive.vn/PXCXg, https://archive.vn/0rFwG","South-eastern Asia",
2014.MMP00036,2014.MMP00036,"Central America","Tue, 03/11/2014 - 12:00",2014,March,1,,1,,1,,1,Violence,"RÃ­o Bravo, Ciudad Juarez, Chihuahua, Mexico","New York Times","31.6904, -106.425","US-Mexico border crossing",http://nyti.ms/1k00Xlq,"Central America",1
2014.MMP00037,2014.MMP00037,"Eastern Africa","Tue, 03/11/2014 - 12:00",2014,March,0,44,44,33,,,3,Drowning,"Gulf of Aden",UNHCR,"12.5331, 48","Horn of Africa to Yemen crossing",http://bit.ly/1gmKS4K,Uncategorized,4
2014.MMP00038,2014.MMP00038,Europe,"Wed, 03/12/2014 - 12:00",2014,March,1,0,1,0,,1,,"Vehicle accident / death linked to hazardous transport","France - Calais (Hit by lorry in port)","France Info, Daily Mail UK","50.9686, 2","English Channel to the UK","http://dailym.ai/1iYPbax, https://archive.vn/pTnr0","Western Europe",3
2014.MMP00039,2014.MMP00039,"North America","Thu, 03/13/2014 - 12:00",2014,March,1,,1,,,,,"Mixed or unknown","King Ranch, Brooks County, Texas, USA","Operation Identification, University of Texas","26.81120278, -97.74819915","US-Mexico border crossing",,"Northern America",5
2014.MMP00040,2014.MMP00040,Europe,"Fri, 03/14/2014 - 12:00",2014,March,1,0,1,0,,1,,"Mixed or unknown","France - Calais (Body found on dock)","Daily Mail UK","50.950273, 2","English Channel to the UK","http://dailym.ai/1iYPbax, https://archive.vn/COKZd, https://archive.vn/pTnr0","Western Europe",3
2014.MMP00041,2014.MMP00041,Europe,"Sat, 03/15/2014 - 12:00",2014,March,1,0,1,2,,1,,"Vehicle accident / death linked to hazardous transport","France - Calais (Body found crushed in transporter)","Daily Mail UK","50.9688, 2","English Channel to the UK","http://dailym.ai/1iYPbax, https://archive.vn/EiCRT, https://archive.vn/pTnr0","Western Europe",3
2014.MMP00042,2014.MMP00042,"North America","Sat, 03/15/2014 - 12:00",2014,March,1,,1,,,,,"Harsh environmental conditions / lack of adequate shelter, food, water","Pima Country Office of the Medical Examiner jurisdiction, Arizona, USA (see coordinates for exact location)","Pima County Office of the Medical Examiner (PCOME)","31.789033, -112.114583","US-Mexico border crossing",,"Northern America",5
2014.MMP00043,2014.MMP00043,"North America","Sat, 03/15/2014 - 12:00",2014,March,1,,1,,,,,"Mixed or unknown","Pima Country Office of the Medical Examiner jurisdiction, Arizona, USA (see coordinates for exact location)","Pima County Office of the Medical Examiner (PCOME)","32.1386, -112.326","US-Mexico border crossing",,"Northern America",5
2014.MMP00044,2014.MMP00044,Mediterranean,"Mon, 03/17/2014 - 12:00",2014,March,1,,1,,,,,"Vehicle accident / death linked to hazardous transport",Mediterranean,"Global post","34.9797, 13","Central Mediterranean",http://bit.ly/1lOxCNv,Uncategorized,1
2014.MMP00045,2014.MMP00045,Mediterranean,"Tue, 03/18/2014 - 12:00",2014,March,7,2,9,8,1,1,1,Drowning,"Waters near Lesvos, Greece",Guardian,"39.398814, 26","Eastern Mediterranean",http://bit.ly/1qfMlCm,Uncategorized,1
2014.MMP00046,2014.MMP00046,"Eastern Africa","Sat, 03/22/2014 - 12:00",2014,March,251,0,251,50,,,,Drowning,"Lake Albert, Uganda/DRC","BBC (UNHCR)","1.63236, 31",,http://bbc.in/1iRb5A9,"Eastern Africa",1
2014.MMP00047,2014.MMP00047,"North America","Sun, 03/23/2014 - 12:00",2014,March,1,,1,,,1,,"Mixed or unknown","Pima Country Office of the Medical Examiner jurisdiction, Arizona, USA (see coordinates for exact location)","Pima County Office of the Medical Examiner (PCOME)","31.558, -111.183","US-Mexico border crossing",,"Northern America",5
2014.MMP00048,2014.MMP00048,"North America","Wed, 03/26/2014 - 12:00",2014,March,1,,1,,,,,"Mixed or unknown","Pima Country Office of the Medical Examiner jurisdiction, Arizona, USA (see coordinates for exact location)","Pima County Office of the Medical Examiner (PCOME)","31.94755, -112.06415","US-Mexico border crossing",,"Northern America",5
2014.MMP00049,2014.MMP00049,"North America","Wed, 03/26/2014 - 12:00",2014,March,1,,1,,,,,"Mixed or unknown","Pima Country Office of the Medical Examiner jurisdiction, Arizona, USA (see coordinates for exact location)","Pima County Office of the Medical Examiner (PCOME)","31.85666, -111.62433","US-Mexico border crossing",,"Northern America",5
2014.MMP00050,2014.MMP00050,"Central America","Wed, 03/26/2014 - 12:00",2014,March,1,,1,,1,,,"Vehicle accident / death linked to hazardous transport","Comitan, Chiapas, Mexico","El Siglo de Torreon","16.2299602, -92",,http://bit.ly/1WIuqEs,"Central America",1
2014.MMP00051,2014.MMP00051,"North America","Sun, 03/30/2014 - 12:00",2014,March,1,,1,,1,,,"Mixed or unknown","Pima Country Office of the Medical Examiner jurisdiction, Arizona, USA (see coordinates for exact location)","Pima County Office of the Medical Examiner (PCOME)","31.688867, -111.862733","US-Mexico border crossing",,"Northern America",5
2014.MMP00052,2014.MMP00052,"North America","Sun, 03/30/2014 - 12:00",2014,March,1,,1,,,1,,"Mixed or unknown","Pima Country Office of the Medical Examiner jurisdiction, Arizona, USA (see coordinates for exact location)","Pima County Office of the Medical Examiner (PCOME)","32.3085, -111.7528","US-Mexico border crossing",,"Northern America",5
2014.MMP00053,2014.MMP00053,"North America","Sun, 03/30/2014 - 12:00",2014,March,1,,1,,,1,,"Accidental death","Pima Country Office of the Medical Examiner jurisdiction, Arizona, USA (see coordinates for exact location)","Nogales International and Pima County Office of the Medical Examiner (PCOME)","31.33271, -110.93813","US-Mexico border crossing",http://bit.ly/1grVlvz,"Northern America",5
2014.MMP00054,2014.MMP00054,"North America","Wed, 04/02/2014 - 12:00",2014,April,1,,1,,,1,,"Mixed or unknown","Pima Country Office of the Medical Examiner jurisdiction, Arizona, USA (see coordinates for exact location)","Pima County Office of the Medical Examiner (PCOME)","31.354017, -110.989383","US-Mexico border crossing",,"Northern America",5
2014.MMP00055,2014.MMP00055,"Eastern Africa","Wed, 04/09/2014 - 12:00",2014,April,17,0,17,0,,,,Drowning,"Limpopo River, Zimbabwe",AllAfrica,"-23.8148, 32",,http://bit.ly/1z57Bim,"Eastern Africa",1
2014.MMP00056,2014.MMP00056,Mediterranean,"Wed, 04/09/2014 - 12:00",2014,April,1,0,1,661,,,,"Mixed or unknown","Italy waters","Deutsche Welle","35.1092, 14","Central Mediterranean",http://bit.ly/1okLaA1,Uncategorized,1
2014.MMP00057,2014.MMP00057,"North America","Thu, 04/10/2014 - 12:00",2014,April,1,,1,,,,,"Mixed or unknown","Pima Country Office of the Medical Examiner jurisdiction, Arizona, USA (see coordinates for exact location)","Pima County Office of the Medical Examiner (PCOME)","32.03171, -112.42503","US-Mexico border crossing",,"Northern America",5
2014.MMP00058,2014.MMP00058,"North America","Thu, 04/10/2014 - 12:00",2014,April,1,,1,,,,,"Mixed or unknown","Pima Country Office of the Medical Examiner jurisdiction, Arizona, USA (see coordinates for exact location)","Pima County Office of the Medical Examiner (PCOME)","31.836217, -111.9419","US-Mexico border crossing",,"Northern America",5
2014.MMP00059,2014.MMP00059,"North America","Mon, 04/14/2014 - 12:00",2014,April,1,,1,,,1,,"Mixed or unknown","Pima Country Office of the Medical Examiner jurisdiction, Arizona, USA (see coordinates for exact location)","Pima County Office of the Medical Examiner (PCOME)","32.12865, -111.330983","US-Mexico border crossing",,"Northern America",5
2014.MMP00060,2014.MMP00060,"North America","Mon, 04/14/2014 - 12:00",2014,April,1,,1,,,,,"Mixed or unknown","Pima Country Office of the Medical Examiner jurisdiction, Arizona, USA (see coordinates for exact location)","Pima County Office of the Medical Examiner (PCOME)","32.178733, -112.5039","US-Mexico border crossing",,"Northern America",5
2014.MMP00061,2014.MMP00061,"North America","Mon, 04/14/2014 - 12:00",2014,April,1,,1,,,,,"Mixed or unknown","Pima Country Office of the Medical Examiner jurisdiction, Arizona, USA (see coordinates for exact location)","Pima County Office of the Medical Examiner (PCOME)","32.09045, -112.246033","US-Mexico border crossing",,"Northern America",5
2014.MMP00062,2014.MMP0006263,"Northern Africa","Mon, 04/14/2014 - 12:00",2014,April,2,0,2,309,,,,"Harsh environmental conditions / lack of adequate shelter, food, water","Sudanese-Libyan desert","Agence France Presse","23.3112, 22","Sahara Desert crossing",http://reliefweb.int/report/sudan/10-migrants-die-hundreds-rescued-sudan-libya-desert,"Northern Africa",1
2014.MMP00062,2014.MMP0006264,"Northern Africa","Mon, 04/14/2014 - 12:00",2014,April,1,,1,,,,,"Harsh environmental conditions / lack of adequate shelter, food, water","Sudanese-Libyan desert","Agence France Presse","23.3112, 22","Sahara Desert crossing",http://reliefweb.int/report/sudan/10-migrants-die-hundreds-rescued-sudan-libya-desert,"Northern Africa",1
2014.MMP00062,2014.MMP0006265,"Northern Africa","Mon, 04/14/2014 - 12:00",2014,April,1,,1,,,,,"Harsh environmental conditions / lack of adequate shelter, food, water","Sudanese-Libyan desert","Agence France Presse","23.3112, 22","Sahara Desert crossing",http://reliefweb.int/report/sudan/10-migrants-die-hundreds-rescued-sudan-libya-desert,"Northern Africa",1
2014.MMP00062,2014.MMP0006266,"Northern Africa","Mon, 04/14/2014 - 12:00",2014,April,6,,6,,,,,"Harsh environmental conditions / lack of adequate shelter, food, water","Sudanese-Libyan desert","Agence France Presse","23.3112, 22","Sahara Desert crossing",http://reliefweb.int/report/sudan/10-migrants-die-hundreds-rescued-sudan-libya-desert,"Northern Africa",1
2014.MMP00063,2014.MMP00063,Mediterranean,"Wed, 04/16/2014 - 12:00",2014,April,8,1,9,5,2,,1,Drowning,"Turkey waters - en route to Greece",,"38.669208, 27","Eastern Mediterranean",http://bit.ly/1qfNEkE,Uncategorized,1
2014.MMP00064,2014.MMP00064,"Central America","Thu, 04/17/2014 - 12:00",2014,April,4,,4,3,,,,Violence,"On la Bestia, near Arriaga, Chiapas, Mexico","Soy 502","16.242196, -94",,http://bit.ly/29FBuh6,"Central America",1
2014.MMP00066,2014.MMP00066,"North America","Fri, 04/18/2014 - 12:00",2014,April,1,,1,,,1,,"Mixed or unknown","Pima Country Office of the Medical Examiner jurisdiction, Arizona, USA (see coordinates for exact location)","Pima County Office of the Medical Examiner (PCOME)","32.1886, -113.0037","US-Mexico border crossing",,"Northern America",5
2014.MMP00067,2014.MMP00067,"South-eastern Asia","Mon, 04/21/2014 - 12:00",2014,April,5,,5,,,,,Violence,"Border China/Vietnam","New York Times","21.5928, 107",,http://nyti.ms/1kzuP6j,"South-eastern Asia",1
2014.MMP00068,2014.MMP00068,"North America","Wed, 04/23/2014 - 12:00",2014,April,1,,1,,,,,"Mixed or unknown","Pima Country Office of the Medical Examiner jurisdiction, Arizona, USA (see coordinates for exact location)","Pima County Office of the Medical Examiner (PCOME)","32.1833, -112.9961","US-Mexico border crossing",,"Northern America",5
2014.MMP00069,2014.MMP00069,"South-eastern Asia","Fri, 04/25/2014 - 12:00",2014,April,7,,7,7,2,5,,"Vehicle accident / death linked to hazardous transport","344 Road, 39-40th km, Nong Sue Chang subdistrict, Nong Yai district, Chonburi province, Thailand","Naewna,  Post Today, Daily News, Manager Online","13.3493133, 101",,"https://archive.vn/FobuQ, https://archive.vn/CeF3O, https://archive.vn/GT3UL","South-eastern Asia",
2014.MMP00070,2014.MMP00070,"North America","Sun, 04/27/2014 - 12:00",2014,April,1,,1,,,1,,Violence,"Pima Country Office of the Medical Examiner jurisdiction, Arizona, USA (see coordinates for exact location)","Pima County Office of the Medical Examiner (PCOME)","31.99887, -110.862595","US-Mexico border crossing",,"Northern America",5
2014.MMP00071,2014.MMP00071,"North America","Sun, 04/27/2014 - 12:00",2014,April,1,,1,,,1,,"Harsh environmental conditions / lack of adequate shelter, food, water","Pima Country Office of the Medical Examiner jurisdiction, Arizona, USA (see coordinates for exact location)","Pima County Office of the Medical Examiner (PCOME)","31.467633, -110.793333","US-Mexico border crossing",,"Northern America",5
2014.MMP00072,2014.MMP00072,Mediterranean,"Wed, 04/30/2014 - 12:00",2014,April,,40,40,1,,,,Drowning,"Coast of Libya","Relief Web","34.3706, 14","Central Mediterranean",http://bit.ly/1okLiQ5,Uncategorized,1
2014.MMP00073,2014.MMP00073,"North America","Wed, 04/30/2014 - 12:00",2014,April,1,,1,,,,,"Mixed or unknown","Pima Country Office of the Medical Examiner jurisdiction, Arizona, USA (see coordinates for exact location)","Pima County Office of the Medical Examiner (PCOME)","31.59867, -111.43782","US-Mexico border crossing",,"Northern America",5
2014.MMP00074,2014.MMP00074,Caribbean,"Thu, 05/01/2014 - 12:00",2014,May,6,3,9,16,,,,Drowning,"Dominican Republic, near Boca Chica and Juan Dolio","Dominican Today","18.3079, -70",,http://bit.ly/1pGZg2g,Caribbean,1
2014.MMP00075,2014.MMP00075,"North America","Thu, 05/01/2014 - 12:00",2014,May,1,,1,,,,,"Mixed or unknown","Pima Country Office of the Medical Examiner jurisdiction, Arizona, USA (see coordinates for exact location)","Pima County Office of the Medical Examiner (PCOME)","31.58023, -111.79283","US-Mexico border crossing",,"Northern America",5
2014.MMP00076,2014.MMP00076,Mediterranean,"Fri, 05/02/2014 - 12:00",2014,May,4,0,4,80,,,,Drowning,"Coast of Libya","Relief Web","33.1045, 14","Central Mediterranean",http://bit.ly/1okLiQ5,Uncategorized,1
2014.MMP00077,2014.MMP00077,Europe,"Wed, 05/07/2014 - 12:00",2014,May,1,,1,,,1,1,"Vehicle accident / death linked to hazardous transport","A16 motorway, near Condette, France","Calais Migrant Solidarity, La Voix du Nord","50.9513, 1.85869","English Channel to the UK","http://bit.ly/1nMFzWd, https://archive.vn/Y9Q5L, https://archive.vn/pTnr0","Western Europe",4
2014.MMP00078,2014.MMP00078,Mediterranean,"Mon, 05/05/2014 - 12:00",2014,May,22,7,29,36,,,,Drowning,"Waters near Greece",BBC,"37.848433, 27","Eastern Mediterranean",http://bbc.in/1saJIBD,Uncategorized,1
2014.MMP00079,2014.MMP00079,"North America","Tue, 05/06/2014 - 12:00",2014,May,1,,1,,,,,"Mixed or unknown","Pima Country Office of the Medical Examiner jurisdiction, Arizona, USA (see coordinates for exact location)","Pima County Office of the Medical Examiner (PCOME)","32.12555, -112.868","US-Mexico border crossing",,"Northern America",5
2014.MMP00080,2014.MMP00080,Mediterranean,"Tue, 05/06/2014 - 12:00",2014,May,44,33,77,53,,,,Drowning,"Coast of Libya","Relief Web/UNHCR","32.6801, 16","Central Mediterranean",http://bit.ly/1okLiQ5,Uncategorized,4
2014.MMP00081,2014.MMP00081,Mediterranean,"Wed, 05/07/2014 - 12:00",2014,May,1,0,1,,,1,,"Mixed or unknown","Mediterranean waters","ANSA Med","35.8196, 12","Central Mediterranean",http://bit.ly/1iVme2J,Uncategorized,1
2014.MMP00082,2014.MMP00082,"North America","Thu, 05/08/2014 - 12:00",2014,May,1,,1,,,1,,"Mixed or unknown","Pima Country Office of the Medical Examiner jurisdiction, Arizona, USA (see coordinates for exact location)","Pima County Office of the Medical Examiner (PCOME)","31.75233, -111.97016","US-Mexico border crossing",,"Northern America",5
2014.MMP00083,2014.MMP00083,"South-eastern Asia","Thu, 05/08/2014 - 12:00",2014,May,1,,1,17,,,,"Vehicle accident / death linked to hazardous transport","Petchkasem road, Tamtua subdistrict, Takua Pa district, Phang Nga province, Thailand","Sanook, Manager Online, Thairath Online","8.855529, 98",,"https://archive.vn/Zcj86, https://archive.vn/XMTUM, https://archive.vn/KNZrn","South-eastern Asia",3
2014.MMP00084,2014.MMP00084,"Northern Africa","Fri, 05/09/2014 - 12:00",2014,May,13,33,46,,,,,"Mixed or unknown","Desert in southern Algeria","Reuters and Middle East eye","23.5301672, 2","Sahara Desert crossing","http://bit.ly/1ujLNLW, http://reut.rs/1pGZhU9","Northern Africa",3
2014.MMP00085,2014.MMP00085,"North America","Sat, 05/10/2014 - 12:00",2014,May,1,,1,,,1,,Violence,"Pima Country Office of the Medical Examiner jurisdiction, Arizona, USA (see coordinates for exact location)","Pima County Office of the Medical Examiner (PCOME)","31.692369, -110.360473","US-Mexico border crossing",,"Northern America",5
2014.MMP00086,2014.MMP00086,Mediterranean,"Mon, 05/12/2014 - 12:00",2014,May,17,200,217,226,12,2,3,Drowning,"International waters between Libya and Italy","ANSA Med and Relief Web. Also see NYT http://www.nytimes.com/2014/05/13/world/europe/at-least-14-die-as-migrant-boat-headed-for-italy-sinks-off-libyan-coast.html?_r=0","34.7086, 16","Central Mediterranean",http://bit.ly/1mh7JHc,Uncategorized,3
2014.MMP00087,2014.MMP00087,"North America","Tue, 05/13/2014 - 12:00",2014,May,1,,1,,,1,,"Mixed or unknown","Pima Country Office of the Medical Examiner jurisdiction, Arizona, USA (see coordinates for exact location)","Pima County Office of the Medical Examiner (PCOME)","31.95283, -112.34965","US-Mexico border crossing",,"Northern America",5
2014.MMP00088,2014.MMP00088,"North America","Wed, 05/21/2014 - 12:00",2014,May,1,,1,,,,,"Mixed or unknown","Pima Country Office of the Medical Examiner jurisdiction, Arizona, USA (see coordinates for exact location)","Pima County Office of the Medical Examiner (PCOME)","31.61445, -111.68357","US-Mexico border crossing",,"Northern America",5
2014.MMP00089,2014.MMP00089,"North America","Thu, 05/22/2014 - 12:00",2014,May,1,,1,,,,,"Mixed or unknown","Pima Country Office of the Medical Examiner jurisdiction, Arizona, USA (see coordinates for exact location)","Pima County Office of the Medical Examiner (PCOME)","32.46313, -111.6213","US-Mexico border crossing",,"Northern America",5
2014.MMP00090,2014.MMP00090,Mediterranean,"Fri, 05/23/2014 - 12:00",2014,May,1,0,1,,,1,1,"Accidental death",Greece,"Afghan immigrant dies in back of truck","39.5061, 20","Eastern Mediterranean",http://bit.ly/TzKj34,Uncategorized,1
2014.MMP00091,2014.MMP00091,Europe,"Fri, 05/23/2014 - 12:00",2014,May,1,,1,,,1,1,"Vehicle accident / death linked to hazardous transport","Calais, France","Calais Migrant Solidarity, La Voix du Nord","50.9513, 1.85869","English Channel to the UK","http://bit.ly/1DpK8rz, https://archive.vn/B23zM, https://archive.vn/pTnr0","Western Europe",4
2014.MMP00092,2014.MMP00092,"North America","Tue, 05/27/2014 - 12:00",2014,May,1,,1,,,1,,"Mixed or unknown","Pima Country Office of the Medical Examiner jurisdiction, Arizona, USA (see coordinates for exact location)","Pima County Office of the Medical Examiner (PCOME)","32.0667, -113.1525","US-Mexico border crossing",,"Northern America",5
2014.MMP00093,2014.MMP00093,"North America","Wed, 05/28/2014 - 12:00",2014,May,1,,1,,,1,,"Mixed or unknown","Pima Country Office of the Medical Examiner jurisdiction, Arizona, USA (see coordinates for exact location)","Pima County Office of the Medical Examiner (PCOME)","31.34675, -109.4814","US-Mexico border crossing",,"Northern America",5
2014.MMP00094,2014.MMP00094,"North America","Fri, 05/30/2014 - 12:00",2014,May,1,,1,,,,,"Mixed or unknown","Pima Country Office of the Medical Examiner jurisdiction, Arizona, USA (see coordinates for exact location)","Pima County Office of the Medical Examiner (PCOME)","32.437783, -111.636383","US-Mexico border crossing",,"Northern America",5
2014.MMP00095,2014.MMP00095,"North America","Fri, 05/30/2014 - 12:00",2014,May,1,,1,,,,,"Mixed or unknown","Pima Country Office of the Medical Examiner jurisdiction, Arizona, USA (see coordinates for exact location)","Pima County Office of the Medical Examiner (PCOME)","32.437983, -111.636383","US-Mexico border crossing",,"Northern America",5
2014.MMP00096,2014.MMP00096,"Eastern Africa","Sat, 05/31/2014 - 12:00",2014,May,62,0,62,0,,,,Drowning,"Gulf of Aden","New Vision","12.5331, 48","Horn of Africa to Yemen crossing",http://bit.ly/1vs8jBB,Uncategorized,1
2014.MMP00097,2014.MMP00097,"North America","Sun, 06/01/2014 - 12:00",2014,June,1,,1,,,1,,"Mixed or unknown","Pima Country Office of the Medical Examiner jurisdiction, Arizona, USA (see coordinates for exact location)","Pima County Office of the Medical Examiner (PCOME)","31.62445, -111.3423","US-Mexico border crossing",,"Northern America",5
2014.MMP00098,2014.MMP00098,"North America","Tue, 06/03/2014 - 12:00",2014,June,1,,1,,,1,,"Harsh environmental conditions / lack of adequate shelter, food, water","Pima Country Office of the Medical Examiner jurisdiction, Arizona, USA (see coordinates for exact location)","Pima County Office of the Medical Examiner (PCOME)","31.334397, -110.96816","US-Mexico border crossing",,"Northern America",5
2014.MMP00099,2014.MMP00099,Mediterranean,"Thu, 06/05/2014 - 12:00",2014,June,3,0,3,,,,,"Mixed or unknown","Italian waters",Reuters,"35.358, 13","Central Mediterranean",http://reut.rs/2bBvz2p,Uncategorized,1
2014.MMP00100,2014.MMP00100,"North America","Fri, 06/06/2014 - 12:00",2014,June,1,,1,,1,,,"Mixed or unknown","Pima Country Office of the Medical Examiner jurisdiction, Arizona, USA (see coordinates for exact location)","Pima County Office of the Medical Examiner (PCOME)","32.564183, -111.670617","US-Mexico border crossing",,"Northern America",5
2014.MMP00101,2014.MMP00101,Mediterranean,"Sun, 06/08/2014 - 12:00",2014,June,4,,4,,,,,Drowning,"Italian waters","The Guardian","35.4125, 12","Central Mediterranean",http://bit.ly/1qNxMp5,Uncategorized,1
2014.MMP00102,2014.MMP00102,Mediterranean,"Mon, 06/09/2014 - 12:00",2014,June,3,2,5,0,,,,Drowning,"Italian waters","The Guardian","36.4935, 14","Central Mediterranean",http://bit.ly/1kal8el,Uncategorized,1
2014.MMP00103,2014.MMP00103,"North America","Mon, 06/09/2014 - 12:00",2014,June,1,,1,,,1,,"Harsh environmental conditions / lack of adequate shelter, food, water","Pima Country Office of the Medical Examiner jurisdiction, Arizona, USA (see coordinates for exact location)","Pima County Office of the Medical Examiner (PCOME)","31.906667, -112.0059","US-Mexico border crossing",,"Northern America",5
2014.MMP00104,2014.MMP00104,"North America","Mon, 06/09/2014 - 12:00",2014,June,1,,1,,,,,"Mixed or unknown","Pima Country Office of the Medical Examiner jurisdiction, Arizona, USA (see coordinates for exact location)","Pima County Office of the Medical Examiner (PCOME)","32.23316, -112.959966","US-Mexico border crossing",,"Northern America",5
2014.MMP00105,2014.MMP00105,"North America","Tue, 06/10/2014 - 12:00",2014,June,1,,1,,,1,,"Harsh environmental conditions / lack of adequate shelter, food, water","Pima Country Office of the Medical Examiner jurisdiction, Arizona, USA (see coordinates for exact location)","Pima County Office of the Medical Examiner (PCOME)","32.05, -112.9","US-Mexico border crossing",,"Northern America",5
2014.MMP00106,2014.MMP00106,"North America","Tue, 06/10/2014 - 12:00",2014,June,1,,1,,,,,"Mixed or unknown","Pima Country Office of the Medical Examiner jurisdiction, Arizona, USA (see coordinates for exact location)","Pima County Office of the Medical Examiner (PCOME)","32.48843, -112.59816","US-Mexico border crossing",,"Northern America",5
2014.MMP00107,2014.MMP00107,"North America","Thu, 06/12/2014 - 12:00",2014,June,1,,1,,1,,,"Harsh environmental conditions / lack of adequate shelter, food, water","Pima Country Office of the Medical Examiner jurisdiction, Arizona, USA (see coordinates for exact location)","Pima County Office of the Medical Examiner (PCOME)","31.778767, -111.396767","US-Mexico border crossing",,"Northern America",5
2014.MMP00108,2014.MMP00108,"North America","Thu, 06/12/2014 - 12:00",2014,June,1,,1,,,,,"Mixed or unknown","Pima Country Office of the Medical Examiner jurisdiction, Arizona, USA (see coordinates for exact location)","Pima County Office of the Medical Examiner (PCOME)","32.833333, -113.75","US-Mexico border crossing",,"Northern America",5
2014.MMP00109,2014.MMP00109,"North America","Thu, 06/12/2014 - 12:00",2014,June,1,,1,,,,,"Mixed or unknown","Pima Country Office of the Medical Examiner jurisdiction, Arizona, USA (see coordinates for exact location)","Pima County Office of the Medical Examiner (PCOME)","31.914994, -111.875669","US-Mexico border crossing",,"Northern America",5
2014.MMP00110,2014.MMP00110,"North America","Thu, 06/12/2014 - 12:00",2014,June,1,,1,,,,,"Mixed or unknown","Pima Country Office of the Medical Examiner jurisdiction, Arizona, USA (see coordinates for exact location)","Pima County Office of the Medical Examiner (PCOME)","31.84452, -111.86507","US-Mexico border crossing",,"Northern America",5
2014.MMP00111,2014.MMP00111,"North America","Fri, 06/13/2014 - 12:00",2014,June,1,,1,,,,,"Mixed or unknown","Pima Country Office of the Medical Examiner jurisdiction, Arizona, USA (see coordinates for exact location)","Pima County Office of the Medical Examiner (PCOME)","32.14323, -112.58124","US-Mexico border crossing",,"Northern America",5
2014.MMP00112,2014.MMP00112,"North America","Sat, 06/14/2014 - 12:00",2014,June,1,,1,,,1,,"Harsh environmental conditions / lack of adequate shelter, food, water","Pima Country Office of the Medical Examiner jurisdiction, Arizona, USA (see coordinates for exact location)","Pima County Office of the Medical Examiner (PCOME)","31.78543, -111.86321","US-Mexico border crossing",,"Northern America",5
2014.MMP00113,2014.MMP00113,"North America","Sat, 06/14/2014 - 12:00",2014,June,1,,1,,,,,"Mixed or unknown","Pima Country Office of the Medical Examiner jurisdiction, Arizona, USA (see coordinates for exact location)","Pima County Office of the Medical Examiner (PCOME)","31.49908, -111.40091","US-Mexico border crossing",,"Northern America",5
2014.MMP00114,2014.MMP00114,Mediterranean,"Sat, 06/14/2014 - 12:00",2014,June,10,0,10,39,,,,Drowning,"Between Libya and Sicily",Reuters,"34.2775, 15","Central Mediterranean",http://reut.rs/1qNxMVT,Uncategorized,1
2014.MMP00115,2014.MMP00115,"South-eastern Asia","Sat, 06/14/2014 - 12:00",2014,June,6,,6,13,5,1,,"Vehicle accident / death linked to hazardous transport","Highway 304, Chachoengsao-Kabinburi Rd, Muangmai subdistrict, Ratchasan District, Chachoengsao Province, Thailand","Manager Online, Thairath","13.6702361, 101",,"https://archive.vn/KXLUP, https://archive.vn/TPkG5","South-eastern Asia",3
2014.MMP00116,2014.MMP00116,Mediterranean,"Sun, 06/15/2014 - 12:00",2014,June,1,0,1,356,,,,"Mixed or unknown","Central Med Route - Sicily",BBC,"35.9061, 12","Central Mediterranean",http://bbc.in/V7Onc6,Uncategorized,1
2014.MMP00117,2014.MMP00117,"South-eastern Asia","Sun, 06/15/2014 - 12:00",2014,June,2,,2,16,1,1,,"Vehicle accident / death linked to hazardous transport","Moo 4, Nong Yai subdistrict, Nong Yai district, Chonburi province, Thailand","Kom Chad Luek, Khao Sod, Manager Online","13.1394249, 101",,"https://archive.vn/54Bzx, https://archive.vn/jSoQI, https://archive.vn/BroLM","South-eastern Asia",3
2014.MMP00118,2014.MMP00118,"Eastern Africa","Mon, 06/16/2014 - 12:00",2014,June,0,29,29,,,,,Drowning,"Between North Africa and Canary Islands","La Vanguardia","28.348645, -13","Western Africa / Atlantic route to the Canary Islands",http://bit.ly/28IfW7F,Uncategorized,1
2014.MMP00119,2014.MMP00119,"North America","Mon, 06/16/2014 - 12:00",2014,June,1,,1,,,,,"Mixed or unknown","La India Ranch, Brooks County, Texas, USA","Operation Identificatio, U. of Texas","27.15310333, -98","US-Mexico border crossing",,"Northern America",5
2014.MMP00121,2014.MMP00121,Mediterranean,"Wed, 06/18/2014 - 12:00",2014,June,4,0,4,0,,,,Violence,"Morocco/Spain border near Melilla",L'Espresso,"35.2783, -3","Western Mediterranean",http://bit.ly/U4b8wu,Uncategorized,1
2014.MMP00122,2014.MMP00122,"North America","Wed, 06/18/2014 - 12:00",2014,June,1,,1,,,1,,"Harsh environmental conditions / lack of adequate shelter, food, water","Pima Country Office of the Medical Examiner jurisdiction, Arizona, USA (see coordinates for exact location)","Pima County Office of the Medical Examiner (PCOME)","32.16403, -111.71384","US-Mexico border crossing",,"Northern America",5
2014.MMP00123,2014.MMP00123,"South-eastern Asia","Wed, 06/18/2014 - 12:00",2014,June,9,26,35,62,1,8,1,Drowning,"Coast of Malaysia - Strait of Malacca","The World Post (Huffington and BIG)","4.66259, 100",,http://huff.to/1ygPxkU,"South-eastern Asia",1
2014.MMP00124,2014.MMP00124,"North America","Thu, 06/19/2014 - 12:00",2014,June,1,,1,,,1,,"Mixed or unknown","Pima Country Office of the Medical Examiner jurisdiction, Arizona, USA (see coordinates for exact location)","Pima County Office of the Medical Examiner (PCOME)","32.17175, -111.20567","US-Mexico border crossing",,"Northern America",5
2014.MMP00125,2014.MMP00125,"North America","Thu, 06/19/2014 - 12:00",2014,June,1,,1,,,1,,"Mixed or unknown","Pima Country Office of the Medical Examiner jurisdiction, Arizona, USA (see coordinates for exact location)","Pima County Office of the Medical Examiner (PCOME)","32.4275, -111.64305","US-Mexico border crossing",,"Northern America",5
2014.MMP00126,2014.MMP00126,"North America","Wed, 06/25/2014 - 12:00",2014,June,1,,1,,,,,"Mixed or unknown","Pima Country Office of the Medical Examiner jurisdiction, Arizona, USA (see coordinates for exact location)","Pima County Office of the Medical Examiner (PCOME)","32.49936, -112.21016","US-Mexico border crossing",,"Northern America",5
2014.MMP00127,2014.MMP00127,Mediterranean,"Fri, 06/27/2014 - 12:00",2014,June,0,240,240,0,,,,Drowning,"TBC - boat went missing, not recovered","IOM Rome Office - Flavio Di Giacomo","34.6033, 17","Central Mediterranean",,Uncategorized,4
2014.MMP00128,2014.MMP00128,"North America","Sat, 06/28/2014 - 12:00",2014,June,1,,1,,,,,"Mixed or unknown","Pima Country Office of the Medical Examiner jurisdiction, Arizona, USA (see coordinates for exact location)","Pima County Office of the Medical Examiner (PCOME)","31.39289, -111.00497","US-Mexico border crossing",,"Northern America",5
2014.MMP00129,2014.MMP00129131,Mediterranean,"Sun, 06/29/2014 - 12:00",2014,June,2,,2,,,4,,Drowning,"Unspecified location between North Africa and Italy. Survivors taken to Porto Empedocle in Sicily.","Yahoo! News","36.1838, 13","Central Mediterranean",https://au.news.yahoo.com/world/a/24373313/80-more-migrants-drown-in-latest-italy-boat-tragedy/,Uncategorized,1
2014.MMP00129,2014.MMP00129132,Mediterranean,"Sun, 06/29/2014 - 12:00",2014,June,,1,1,,,,,Drowning,"Unspecified location between North Africa and Italy. Survivors taken to Porto Empedocle in Sicily.","Yahoo! News","36.1838, 13","Central Mediterranean",https://au.news.yahoo.com/world/a/24373313/80-more-migrants-drown-in-latest-italy-boat-tragedy/,Uncategorized,1
2014.MMP00129,2014.MMP00129133,Mediterranean,"Sun, 06/29/2014 - 12:00",2014,June,,3,3,,,,,Drowning,"Unspecified location between North Africa and Italy. Survivors taken to Porto Empedocle in Sicily.","Yahoo! News","36.1838, 13","Central Mediterranean",https://au.news.yahoo.com/world/a/24373313/80-more-migrants-drown-in-latest-italy-boat-tragedy/,Uncategorized,1
2014.MMP00130,2014.MMP00130,Mediterranean,"Sun, 06/29/2014 - 12:00",2014,June,45,,45,566,,45,,"Vehicle accident / death linked to hazardous transport","Unspecified location between North Africa and Italy. Survivors taken to Pozzallo","Oman Daily Observer","36.222841, 14.688719","Central Mediterranean",http://bit.ly/1s1NEnD,Uncategorized,1
2014.MMP00131,2014.MMP00131,Mediterranean,"Tue, 07/01/2014 - 12:00",2014,July,0,75,75,27,,,,Drowning,"Recued off Sicily; taken to Catania, Sicily","Yahoo! News","36.4317, 15.8313","Central Mediterranean",http://yhoo.it/VJXUqq,Uncategorized,1
2014.MMP00132,2014.MMP00132,"North America","Tue, 07/01/2014 - 12:00",2014,July,1,,1,,,1,,"Mixed or unknown","Pima Country Office of the Medical Examiner jurisdiction, Arizona, USA (see coordinates for exact location)","Pima County Office of the Medical Examiner (PCOME)","31.6739, -111.84799","US-Mexico border crossing",,"Northern America",5
2014.MMP00133,2014.MMP00133,"North America","Wed, 07/02/2014 - 12:00",2014,July,1,,1,,,,,"Harsh environmental conditions / lack of adequate shelter, food, water","Pima Country Office of the Medical Examiner jurisdiction, Arizona, USA (see coordinates for exact location)","Pima County Office of the Medical Examiner (PCOME)","31.629327, -111.78697","US-Mexico border crossing",,"Northern America",5
2014.MMP00134,2014.MMP00134,"North America","Wed, 07/02/2014 - 12:00",2014,July,1,,1,,,1,,"Mixed or unknown","Pima Country Office of the Medical Examiner jurisdiction, Arizona, USA (see coordinates for exact location)","Pima County Office of the Medical Examiner (PCOME)","32.375917, -112","US-Mexico border crossing",,"Northern America",5
2014.MMP00135,2014.MMP00135,Mediterranean,"Sat, 07/05/2014 - 12:00",2014,July,13,,13,,,,,"Mixed or unknown","Boat drifting in Libyan waters",IANS,"33.0335, 15","Central Mediterranean",http://bit.ly/1owlyg0,Uncategorized,1
2014.MMP00136,2014.MMP00136,"North America","Sat, 07/05/2014 - 12:00",2014,July,1,,1,,,,,"Mixed or unknown","Pima Country Office of the Medical Examiner jurisdiction, Arizona, USA (see coordinates for exact location)","Pima County Office of the Medical Examiner (PCOME)","32.081967, -113","US-Mexico border crossing",,"Northern America",5
2014.MMP00137,2014.MMP00137141,Mediterranean,"Sun, 07/06/2014 - 12:00",2014,July,3,,3,0,1,,2,Drowning,"Off the coast of Tripoli (capsized boat)",Reuters,"32.9615, 13","Central Mediterranean",http://bit.ly/1tj27A3,Uncategorized,1
2014.MMP00137,2014.MMP00137142,Mediterranean,"Sun, 07/06/2014 - 12:00",2014,July,3,,3,,,,,Drowning,"Off the coast of Tripoli (capsized boat)",Reuters,"32.9615, 13","Central Mediterranean",http://bit.ly/1tj27A3,Uncategorized,1
2014.MMP00137,2014.MMP00137143,Mediterranean,"Sun, 07/06/2014 - 12:00",2014,July,6,188,194,,,,,Drowning,"Off the coast of Tripoli (capsized boat)",Reuters,"32.9615, 13","Central Mediterranean",http://bit.ly/1tj27A3,Uncategorized,1
2014.MMP00138,2014.MMP00138,"Central America","Mon, 07/07/2014 - 12:00",2014,July,1,,1,,,1,,"Vehicle accident / death linked to hazardous transport","Coatzacoalcos, Veracruz, Mexico","Noticias de Mexico","18.130861, -95",,http://bit.ly/1TKFKxF,"Central America",1
2014.MMP00139,2014.MMP00139,"North America","Mon, 07/07/2014 - 12:00",2014,July,1,,1,,,,,"Mixed or unknown","Pima Country Office of the Medical Examiner jurisdiction, Arizona, USA (see coordinates for exact location)","Pima County Office of the Medical Examiner (PCOME)","32.316, -112","US-Mexico border crossing",,"Northern America",5
2014.MMP00140,2014.MMP00140,"North America","Thu, 07/10/2014 - 12:00",2014,July,1,,1,,,,,"Mixed or unknown","Barrosa Pasture, King Ranch, Brooks County, Texas, USA","Operation Identification, University of Texas","26.92635612, -97.709747","US-Mexico border crossing",,"Northern America",5
2014.MMP00141,2014.MMP00141,Mediterranean,"Fri, 07/11/2014 - 12:00",2014,July,4,21,25,13,1,2,1,Drowning,"Aegean Sea","Greek Reporter","37.862031, 26.921962","Eastern Mediterranean",http://bit.ly/2akKh88,Uncategorized,1
2014.MMP00142,2014.MMP00142,"North America","Sat, 07/12/2014 - 12:00",2014,July,1,,1,,,,,"Mixed or unknown","Singer Ranch, Brooks County, Texas, USA","Operation Identification, University of Texas","26.99857326, -98.18627898","US-Mexico border crossing",,"Northern America",5
2014.MMP00143,2014.MMP00143,Mediterranean,"Sat, 07/12/2014 - 12:00",2014,July,12,,12,,,,,Drowning,"Bodies found on coast near Tripoli, Libya",IANS,"32.9511, 13.2042","Central Mediterranean",http://bit.ly/1owlyg0,Uncategorized,1
2014.MMP00144,2014.MMP00144,"North America","Sun, 07/13/2014 - 12:00",2014,July,1,,1,,,,,"Mixed or unknown","Pima Country Office of the Medical Examiner jurisdiction, Arizona, USA (see coordinates for exact location)","Pima County Office of the Medical Examiner (PCOME)","31.62332, -112","US-Mexico border crossing",,"Northern America",5
2014.MMP00145,2014.MMP00145,"North America","Mon, 07/14/2014 - 12:00",2014,July,1,,1,,,,,"Mixed or unknown","Cage Ranch, Brooks County, Texas, USA","Operation Identification, University of Texas","26.99000755, -98","US-Mexico border crossing",,"Northern America",5
2014.MMP00146,2014.MMP00146,Mediterranean,"Mon, 07/14/2014 - 12:00",2014,July,1,109,110,12,1,,,Drowning,"40 miles off the coast of Libya",UNHCR,"33.6564, 15","Central Mediterranean",http://bit.ly/1sWPpWs,Uncategorized,4
2014.MMP00147,2014.MMP00147,"South-eastern Asia","Tue, 07/15/2014 - 12:00",2014,July,2,18,20,60,,,,Drowning,"Off the southwest coast of Malaysia",BBC,"6.35306, 115",,http://bbc.in/U7rVik,"South-eastern Asia",1
2014.MMP00148,2014.MMP00148,Mediterranean,"Thu, 07/17/2014 - 12:00",2014,July,3,0,3,90,,,,Drowning,"Just off the coast of Garabulli, Libya","Al-Arab Online","32.8343, 14","Central Mediterranean",http://bit.ly/1zPFO5S,Uncategorized,1
2014.MMP00149,2014.MMP00149,Mediterranean,"Thu, 07/17/2014 - 12:00",2014,July,0,41,41,61,,,,Drowning,"30 miles off the coast of Tripoli, Libya","The Daily Star","33.2423, 13","Central Mediterranean",http://bit.ly/1sqWRpz,Uncategorized,1
2014.MMP00150,2014.MMP00150,"North America","Thu, 07/17/2014 - 12:00",2014,July,1,,1,,,,,"Mixed or unknown","Pima Country Office of the Medical Examiner jurisdiction, Arizona, USA (see coordinates for exact location)","Pima County Office of the Medical Examiner (PCOME)","32.03617, -113.00065","US-Mexico border crossing",,"Northern America",5
2014.MMP00151,2014.MMP00151,"North America","Fri, 07/18/2014 - 12:00",2014,July,1,,1,,,,,"Mixed or unknown","Cage Ranch, Brooks County, Texas, USA","Operation Identification, University of Texas","26.95573817, -98","US-Mexico border crossing",,"Northern America",5
2014.MMP00152,2014.MMP00152,Mediterranean,"Sat, 07/19/2014 - 12:00",2014,July,2,53,55,1,,,,Drowning,"off the coast of Kafr el-Sheikh governorate, Egypt","Zee News","31.5818, 31","Central Mediterranean",http://bit.ly/1rDmowj,Uncategorized,1
2014.MMP00153,2014.MMP00153,Mediterranean,"Sat, 07/19/2014 - 12:00",2014,July,3,0,3,104,,,,Drowning,"Off the Libyan coast, northeast of Tripoli","World Bulletin","33.4442, 14","Central Mediterranean",http://bit.ly/1mJh3OD,Uncategorized,1
2014.MMP00154,2014.MMP00154160,Mediterranean,"Sat, 07/19/2014 - 12:00",2014,July,29,,29,569,,,1,"Mixed or unknown","Between Libya and Malta","IOM Libya, Voice of America","34.5821, 14.2163","Central Mediterranean",http://www.voanews.com/content/scores-of-migrants-murdered-on-smuggler-boat/1965217.html,Uncategorized,4
2014.MMP00154,2014.MMP00154161,Mediterranean,"Sat, 07/19/2014 - 12:00",2014,July,,151,151,,,,,Drowning,"Between Libya and Malta","IOM Libya, Voice of America","34.5821, 14.2163","Central Mediterranean",http://www.voanews.com/content/scores-of-migrants-murdered-on-smuggler-boat/1965217.html,Uncategorized,4
2014.MMP00156,2014.MMP00156,Mediterranean,"Mon, 07/21/2014 - 12:00",2014,July,5,14,19,61,,,,Drowning,"South of Sicily","Malta Today","36.3557, 14","Central Mediterranean",http://bit.ly/1kPk5Bh,Uncategorized,1
2014.MMP00157,2014.MMP00157,Europe,"Thu, 07/24/2014 - 12:00",2014,July,1,,1,,,1,,"Vehicle accident / death linked to hazardous transport","Abandoned airfield outside Downham Market, England, UK","The independent","50.9584, 0","English Channel to the UK",http://ind.pn/1ArBv2L,"Northern Europe",1
2014.MMP00158,2014.MMP00158,"North America","Thu, 07/24/2014 - 12:00",2014,July,1,,1,,,,,"Mixed or unknown","Pima Country Office of the Medical Examiner jurisdiction, Arizona, USA (see coordinates for exact location)","Pima County Office of the Medical Examiner (PCOME)","31.651, -111.6385","US-Mexico border crossing",,"Northern America",5
2014.MMP00159,2014.MMP00159,"North America","Sat, 07/26/2014 - 12:00",2014,July,1,,1,,,1,,"Harsh environmental conditions / lack of adequate shelter, food, water","Pima Country Office of the Medical Examiner jurisdiction, Arizona, USA (see coordinates for exact location)","Pima County Office of the Medical Examiner (PCOME)","32.37387, -113.14252","US-Mexico border crossing",,"Northern America",5
2014.MMP00160,2014.MMP00160,"North America","Sun, 07/27/2014 - 12:00",2014,July,1,,1,,,,,"Mixed or unknown","Pima Country Office of the Medical Examiner jurisdiction, Arizona, USA (see coordinates for exact location)","Pima County Office of the Medical Examiner (PCOME)","32.532056, -111.533472","US-Mexico border crossing",,"Northern America",5
2014.MMP00162,2014.MMP00162,Mediterranean,"Mon, 07/28/2014 - 12:00",2014,July,20,108,128,22,,,,Drowning,"60 miles off the coast of Al Khums, Libya",ANSAMed,"34.4666, 14","Central Mediterranean",http://www.ansamed.info/ansamed/en/news/sections/generalnews/2014/07/30/shipwreck-off-libya-20-dead-and-dozens-missing_eff2b88f-dd09-429a-8657-616223095d74.html,Uncategorized,1
2014.MMP00163,2014.MMP00163,"North America","Wed, 07/30/2014 - 12:00",2014,July,1,,1,,,1,1,"Accidental death","Pima Country Office of the Medical Examiner jurisdiction, Arizona, USA (see coordinates for exact location)","Pima County Office of the Medical Examiner (PCOME)","31.6488, -110.697817","US-Mexico border crossing",,"Northern America",5
2014.MMP00164,2014.MMP00164,"North America","Wed, 07/30/2014 - 12:00",2014,July,1,,1,,,1,,"Mixed or unknown","Pima Country Office of the Medical Examiner jurisdiction, Arizona, USA (see coordinates for exact location)","Pima County Office of the Medical Examiner (PCOME)","32.83222, -112.05419","US-Mexico border crossing",,"Northern America",5
2014.MMP00165,2014.MMP00165,"North America","Thu, 07/31/2014 - 12:00",2014,July,1,,1,,,,,"Mixed or unknown","Pima Country Office of the Medical Examiner jurisdiction, Arizona, USA (see coordinates for exact location)","Pima County Office of the Medical Examiner (PCOME)","31.949573, -112.871417","US-Mexico border crossing",,"Northern America",5
2014.MMP00166,2014.MMP00166,"Northern Africa","Thu, 07/31/2014 - 12:00",2014,July,1,,1,,,,,Violence,"Unspecified location, Libya",MHub,"26.163979, 11.855727","Sahara Desert crossing",,"Northern Africa",2
2014.MMP00167,2014.MMP00167,"Southern Asia","Wed, 07/30/2014 - 12:00",2014,July,1,,1,,,,,"Harsh environmental conditions / lack of adequate shelter, food, water","Mountains, Iran",MHub,"37.414959, 48.122069",,,"Southern Asia",2
2014.MMP00168,2014.MMP00168,"Central America","Fri, 08/01/2014 - 12:00",2014,August,1,,1,,,1,,"Vehicle accident / death linked to hazardous transport","Acatlan de Perez Figueroa, Oaxaca, Mexico","Imagen del Golfo","18.539117, -96.606006",,http://bit.ly/1SMpddB,"Central America",1
2014.MMP00169,2014.MMP00169,"North America","Fri, 08/01/2014 - 12:00",2014,August,1,,1,,,1,,"Harsh environmental conditions / lack of adequate shelter, food, water","Pima Country Office of the Medical Examiner jurisdiction, Arizona, USA (see coordinates for exact location)","Pima County Office of the Medical Examiner (PCOME)","32.26839, -111.4741","US-Mexico border crossing",,"Northern America",5
2014.MMP00170,2014.MMP00170,Mediterranean,"Sun, 08/03/2014 - 12:00",2014,August,2,170,172,200,1,,1,Drowning,"50 miles off Libyan coast","IOM Rome Office","33.499179, 15.490763","Central Mediterranean",,Uncategorized,4
2014.MMP00171,2014.MMP00171,"North America","Mon, 08/04/2014 - 12:00",2014,August,1,,1,,,,,"Mixed or unknown","Pima Country Office of the Medical Examiner jurisdiction, Arizona, USA (see coordinates for exact location)","Pima County Office of the Medical Examiner (PCOME)","32.04927, -111.56971","US-Mexico border crossing",,"Northern America",5
2014.MMP00172,2014.MMP00172,"North America","Tue, 08/05/2014 - 12:00",2014,August,1,,1,,,,,"Mixed or unknown","Pima Country Office of the Medical Examiner jurisdiction, Arizona, USA (see coordinates for exact location)","Pima County Office of the Medical Examiner (PCOME)","32.54141, -111.526","US-Mexico border crossing",,"Northern America",5
2014.MMP00173,2014.MMP00173,"North America","Tue, 08/05/2014 - 12:00",2014,August,1,,1,,,,,"Mixed or unknown","Pima Country Office of the Medical Examiner jurisdiction, Arizona, USA (see coordinates for exact location)","Pima County Office of the Medical Examiner (PCOME)","32.197083, -113.05333","US-Mexico border crossing",,"Northern America",5
2014.MMP00174,2014.MMP00174,"North America","Tue, 08/05/2014 - 12:00",2014,August,1,,1,,,1,,"Mixed or unknown","Pima Country Office of the Medical Examiner jurisdiction, Arizona, USA (see coordinates for exact location)","Pima County Office of the Medical Examiner (PCOME)","31.685017, -111.997183","US-Mexico border crossing",,"Northern America",5
2014.MMP00175,2014.MMP00175,Europe,"Sat, 08/16/2014 - 12:00",2014,August,1,,1,34,,1,,Violence,"Dead body found shipping container in Tilbury docks, Essex, UK","News Letter  - The Pride of Northern Ireland","51.4616, 0.345211","English Channel to the UK",http://bit.ly/1sbXSrf,"Northern Europe",1
2014.MMP00176,2014.MMP00176,"North America","Mon, 08/18/2014 - 12:00",2014,August,1,,1,,,,,"Mixed or unknown","Pima Country Office of the Medical Examiner jurisdiction, Arizona, USA (see coordinates for exact location)","Pima County Office of the Medical Examiner (PCOME)","31.63525, -111.78028","US-Mexico border crossing",,"Northern America",5
2014.MMP00177,2014.MMP00177,"North America","Thu, 08/21/2014 - 12:00",2014,August,1,,1,,,1,,"Harsh environmental conditions / lack of adequate shelter, food, water","Pima Country Office of the Medical Examiner jurisdiction, Arizona, USA (see coordinates for exact location)","Pima County Office of the Medical Examiner (PCOME)","31.489567, -111.461233","US-Mexico border crossing",,"Northern America",5
2014.MMP00178,2014.MMP00178,Mediterranean,"Sun, 08/24/2014 - 12:00",2014,August,170,81,251,19,,,1,Drowning,"Off shores of al-Qarbouli, 50km east of Tripoli","Aljazeera, Telegraph, IOM, UNHCR","32.9212, 13.7659","Central Mediterranean","http://bit.ly/1vYmAHV, http://bit.ly/1q1nsv3",Uncategorized,4
2014.MMP00179,2014.MMP00179,Mediterranean,"Sat, 08/23/2014 - 12:00",2014,August,18,8,26,73,,26,,Drowning,"Central Med off the coast of Italy","IOM Rome and Yahoo! News","35.2823, 15.8752","Central Mediterranean",http://yhoo.it/1rsNKbN,Uncategorized,4
2014.MMP00180,2014.MMP00180,Caribbean,"Sun, 08/24/2014 - 12:00",2014,August,4,5,9,,,4,,Drowning,"20 miles east of Hollywood Beach, Florida","Washington Times","25.8709, -80",,http://bit.ly/1ujqpZw,Caribbean,1
2014.MMP00181,2014.MMP00181,Mediterranean,"Sun, 08/24/2014 - 12:00",2014,August,24,,24,364,,,,Drowning,"Unspecified location between North Africa and Italy.","IOM Rome and UNCHR","34.5671, 14.0625","Central Mediterranean",http://www.unhcr.org/53fc58969.html,Uncategorized,4
2014.MMP00182,2014.MMP00182,Mediterranean,"Fri, 08/22/2014 - 12:00",2014,August,1,,1,,,,,"Mixed or unknown","Unspecified location between North Africa and Italy. Body brought to Calabria.","IOM Rome","34.3134, 16.9189","Central Mediterranean",,Uncategorized,4
2014.MMP00183,2014.MMP00183,Caribbean,"Mon, 08/25/2014 - 12:00",2014,August,1,0,1,19,1,,,Drowning,"Hillsboro Beach, Florida","Miami Herald","26.2937, -80",,http://hrld.us/VLRkz8,Caribbean,1
2014.MMP00184,2014.MMP00184,"North America","Fri, 08/22/2014 - 12:00",2014,August,1,,1,,,,,"Mixed or unknown","Pima Country Office of the Medical Examiner jurisdiction, Arizona, USA (see coordinates for exact location)","Pima County Office of the Medical Examiner (PCOME)","32.03905, -112.12708","US-Mexico border crossing",,"Northern America",5
2014.MMP00185,2014.MMP00185,"North America","Mon, 08/25/2014 - 12:00",2014,August,1,,1,,,,,"Mixed or unknown","Pima Country Office of the Medical Examiner jurisdiction, Arizona, USA (see coordinates for exact location)","Pima County Office of the Medical Examiner (PCOME)","32.299867, -111.47552","US-Mexico border crossing",,"Northern America",5
2014.MMP00186,2014.MMP00186,Caribbean,"Thu, 08/28/2014 - 12:00",2014,August,,23,23,,,,,Drowning,"Mona passage trying to reach Puerto Rico","Dominican Today","18.3459, -67.8186",,http://bit.ly/1tm0i4I,Caribbean,1
2014.MMP00187,2014.MMP00187,"North America","Wed, 08/27/2014 - 12:00",2014,August,44,,44,,,,,"Mixed or unknown","Brooks County, Texas, USA","Brooks County Sheriffâs Office, cited in Valley Morning Star","27.033656, -98.233616","US-Mexico border crossing",http://bit.ly/1CfZmS9,"Northern America",5
2014.MMP00188,2014.MMP00188,Caribbean,"Sun, 08/31/2014 - 12:00",2014,August,11,6,17,15,1,1,1,"Mixed or unknown","Off Mexican coast","Yahoo! News","23.6244, -86.2866",,http://yhoo.it/1BItUZD,Caribbean,3
2014.MMP00189,2014.MMP00189,Mediterranean,"Fri, 08/29/2014 - 12:00",2014,August,42,,42,,8,,5,Drowning,"Tunisian sea near maritime border with Libya",AFP,"33.5111, 12","Central Mediterranean",http://bit.ly/1ox76Vp,Uncategorized,1
2014.MMP00190,2014.MMP00190,Mediterranean,"Sun, 08/31/2014 - 12:00",2014,August,,100,100,,,,,Drowning,"Off the shore of al-Qarbouli, Libya","Press Association","32.8879, 14","Central Mediterranean",http://bit.ly/1CfRXCk,Uncategorized,1
2014.MMP00191,2014.MMP00191,"Northern Africa","Sun, 08/31/2014 - 12:00",2014,August,1,,1,,,,,Violence,"Unspecified location, Libya",MHub,"27.922369, 15","Sahara Desert crossing",,"Northern Africa",2
2014.MMP00192,2014.MMP00192,"Northern Africa","Sun, 08/31/2014 - 12:00",2014,August,1,,1,,,,,"Vehicle accident / death linked to hazardous transport","Sahara Desert, between Agadez, Niger and Tripoli, Libya",MHub,"22.659193, 11","Sahara Desert crossing",,"Northern Africa",2
2014.MMP00193,2014.MMP00193,"Northern Africa","Sun, 08/31/2014 - 12:00",2014,August,1,,1,,,,,"Harsh environmental conditions / lack of adequate shelter, food, water","Sahara Desert, between Khartoum, Sudan and Bani Walid, Libya",MHub,"19.5197871, 27","Sahara Desert crossing",,"Northern Africa",2
2014.MMP00194,2014.MMP00194,"Central America","Sun, 08/31/2014 - 12:00",2014,August,64,,64,,,,,"Mixed or unknown","Mexico (likely)","Permanent Mission of el Salvador to the UN in Geneva - Felix Ulloa","19.1452, -101.074",,,"Central America",4
2014.MMP00195,2014.MMP00195,"Central America","Mon, 09/01/2014 - 12:00",2014,September,2,,2,17,,,,Drowning,"off the coast of the Yucatan, Mexico",Notitarde,"21.897364, -88.384764",,http://bit.ly/23wV5tI,"Central America",1
2014.MMP00196,2014.MMP00196,"North America","Wed, 09/03/2014 - 12:00",2014,September,1,0,1,0,,1,,"Mixed or unknown","Pima Country Office of the Medical Examiner jurisdiction, Arizona, USA (see coordinates for exact location)","Pima County Office of the Medical Examiner (PCOME)","31.93067, -112.07349","US-Mexico border crossing",,"Northern America",5
2014.MMP00197,2014.MMP00197,"North America","Sat, 09/06/2014 - 12:00",2014,September,1,0,1,0,,1,,"Mixed or unknown","Pima Country Office of the Medical Examiner jurisdiction, Arizona, USA (see coordinates for exact location)","Pima County Office of the Medical Examiner (PCOME)","31.33915, -109.549239","US-Mexico border crossing",,"Northern America",5
2014.MMP00198,2014.MMP00198,"North America","Sun, 09/07/2014 - 12:00",2014,September,1,0,1,0,,,,"Mixed or unknown","Pima Country Office of the Medical Examiner jurisdiction, Arizona, USA (see coordinates for exact location)","Pima County Office of the Medical Examiner (PCOME)","32.00936, -113.02776","US-Mexico border crossing",,"Northern America",5
2014.MMP00199,2014.MMP00199,"Central America","Mon, 09/08/2014 - 12:00",2014,September,1,,1,,,1,,"Vehicle accident / death linked to hazardous transport","Train tracks in IzÃºcar de Matamoros, Puebla, Mexico","La Zafra Noticias","18.600776, -98.463359",,http://bit.ly/2aTGsaz,"Central America",1
2014.MMP00200,2014.MMP00200,"Eastern Asia","Tue, 09/09/2014 - 12:00",2014,September,,9,9,1,,,,Drowning,"Off the coast of Southern China between Zhuhai and Macao","China Central Television (eng); China News Service (eng) (ECNS)","22.2344, 114",,"http://bit.ly/1BrewCC, http://bit.ly/1qUiMHJ","Eastern Asia",3
2014.MMP00201,2014.MMP00201,"North America","Wed, 09/10/2014 - 12:00",2014,September,1,0,1,0,,,,"Mixed or unknown","Pima Country Office of the Medical Examiner jurisdiction, Arizona, USA (see coordinates for exact location)","Pima County Office of the Medical Examiner (PCOME)","32.35267, -113.163509","US-Mexico border crossing",,"Northern America",5
2014.MMP00202,2014.MMP00202,"North America","Wed, 09/10/2014 - 12:00",2014,September,1,,1,,,1,,Drowning,"Canal near Bentsen-Rio Grande Valley State Park in Mission, Texas, USA","Action 4 News","26.1850517, -98.3798819","US-Mexico border crossing",http://bit.ly/1trr9aI,"Northern America",1
2014.MMP00203,2014.MMP00203,"North America","Thu, 09/11/2014 - 12:00",2014,September,1,0,1,0,,1,,"Harsh environmental conditions / lack of adequate shelter, food, water","Pima Country Office of the Medical Examiner jurisdiction, Arizona, USA (see coordinates for exact location)","Pima County Office of the Medical Examiner (PCOME)","32.6185, -112.33998","US-Mexico border crossing",,"Northern America",5
2014.MMP00204,2014.MMP00204,Mediterranean,"Fri, 09/12/2014 - 12:00",2014,September,3,497,500,10,,,,Drowning,"Unspecified location between Libya and Italy","IOM Italy","33.9069, 14.4141","Central Mediterranean","http://bit.ly/YLO09p, http://bit.ly/1pgJfts",Uncategorized,4
2014.MMP00205,2014.MMP00205,Mediterranean,"Fri, 09/12/2014 - 12:00",2014,September,2,16,18,12,,,1,Drowning,"300 Miles SE of Malta","Il Fatto Cronaca","34.9853, 16.106","Central Mediterranean",https://archive.vn/wip/r2LBL,Uncategorized,3
2014.MMP00206,2014.MMP00206,"North America","Fri, 09/12/2014 - 12:00",2014,September,1,0,1,0,,,,"Mixed or unknown","Pima Country Office of the Medical Examiner jurisdiction, Arizona, USA (see coordinates for exact location)","Pima County Office of the Medical Examiner (PCOME)","31.76753, -112.051033","US-Mexico border crossing",,"Northern America",5
2014.MMP00207,2014.MMP00207212,Mediterranean,"Sun, 09/14/2014 - 12:00",2014,September,15,,15,72,,,,Drowning,"Off coast of Alexandria, Egypt","Palestinian News Network","31.5253, 29.6864","Central Mediterranean",http://bit.ly/1wwpzuk,Uncategorized,4
2014.MMP00207,2014.MMP00207213,Mediterranean,"Sun, 09/14/2014 - 12:00",2014,September,,73,73,,,,,Drowning,"Off coast of Alexandria, Egypt","Palestinian News Network","31.5253, 29.6864","Central Mediterranean",http://bit.ly/1wwpzuk,Uncategorized,4
2014.MMP00208,2014.MMP00208,Mediterranean,"Sun, 09/14/2014 - 12:00",2014,September,70,94,164,36,,,1,Drowning,"Off coast of Libya, near Tajoura","IOM, Italian Coast Guard, Al Wasat","33.5048, 13.8702","Central Mediterranean","http://bit.ly/X7sOsLp, http://bit.ly/X7sOsL, https://archive.vn/TAb5f",Uncategorized,4
2014.MMP00209,2014.MMP00209,Mediterranean,"Sun, 09/21/2014 - 12:00",2014,September,10,33,43,55,,,,Drowning,"Off coast of Libya","UNHCR News Today","33.6053, 16.9684","Central Mediterranean",http://bit.ly/1qZeYpE,Uncategorized,4
2014.MMP00210,2014.MMP00210,"North America","Tue, 09/23/2014 - 12:00",2014,September,1,0,1,0,,,,"Mixed or unknown","Pima Country Office of the Medical Examiner jurisdiction, Arizona, USA (see coordinates for exact location)","Pima County Office of the Medical Examiner (PCOME)","31.75811, -111.68045","US-Mexico border crossing",,"Northern America",5
2014.MMP00211,2014.MMP00211,"Western Asia","Wed, 09/24/2014 - 12:00",2014,September,1,,1,,,1,1,Violence,"Syria - Turkey border, at Kobani Tel Shair","Human Rights Watch","36.89501978, 38","Syria to Turkey",https://bit.ly/1LvKoIA,"Western Asia",4
2014.MMP00212,2014.MMP00212,"Western Asia","Wed, 09/24/2014 - 12:00",2014,September,2,,2,,,2,1,Violence,"Syria - Turkey border, at Kobani Tel Shair","Human Rights Watch","36.89090973, 38","Syria to Turkey",https://bit.ly/1LvKoIA,"Western Asia",4
2014.MMP00213,2014.MMP00213,"North America","Thu, 09/25/2014 - 12:00",2014,September,1,0,1,0,,,,"Mixed or unknown","Pima Country Office of the Medical Examiner jurisdiction, Arizona, USA (see coordinates for exact location)","Pima County Office of the Medical Examiner (PCOME)","32.15356, -112.02004","US-Mexico border crossing",,"Northern America",5
2014.MMP00214,2014.MMP00214,"North America","Thu, 09/25/2014 - 12:00",2014,September,1,0,1,0,,,,"Mixed or unknown","Pima Country Office of the Medical Examiner jurisdiction, Arizona, USA (see coordinates for exact location)","Pima County Office of the Medical Examiner (PCOME)","32.1823, -113.1603","US-Mexico border crossing",,"Northern America",5
2014.MMP00215,2014.MMP00215,"North America","Fri, 09/26/2014 - 12:00",2014,September,1,0,1,0,,,,"Mixed or unknown","Pima Country Office of the Medical Examiner jurisdiction, Arizona, USA (see coordinates for exact location)","Pima County Office of the Medical Examiner (PCOME)","31.763, -111.9822","US-Mexico border crossing",,"Northern America",5
2014.MMP00216,2014.MMP00216,Mediterranean,"Wed, 10/01/2014 - 12:00",2014,October,2,6,8,,,1,,Drowning,"Strait between Morocco and Spain",AFP,"35.9858, -5.39635","Western Mediterranean",http://bit.ly/1vClhQj,Uncategorized,1
2014.MMP00218,2014.MMP00218,"Eastern Africa","Thu, 10/02/2014 - 12:00",2014,October,64,,64,,,,,Drowning,"Gulf of Aden (departed from Somalia)",UNHCR,"12.7047, 49.4824","Horn of Africa to Yemen crossing",http://www.unhcr.org/5440ff676.html,Uncategorized,4
2014.MMP00219,2014.MMP00219,Mediterranean,"Thu, 10/02/2014 - 12:00",2014,October,10,85,95,85,,,,Drowning,"Off cost of Libya (3 nautical miles off Guarabouli)","Hyrriet Daily News","33.5963, 14.6338","Central Mediterranean",https://archive.vn/wip/V7HE9,Uncategorized,1
2014.MMP00220,2014.MMP00220,Caribbean,"Mon, 10/06/2014 - 12:00",2014,October,,2,2,3,,,,Drowning,"Unspecified location off the coast of Miami Beach, Florida","US Coast guard","25.7529, -79.8528",,https://archive.vn/wip/y1fG1,Caribbean,3
2014.MMP00221,2014.MMP00221,Mediterranean,"Fri, 10/10/2014 - 12:00",2014,October,3,,3,646,,,,"Harsh environmental conditions / lack of adequate shelter, food, water","Unspecified location in the Central Mediterranean",spyghana,"35.898, 15.4907","Central Mediterranean",https://www.newsghana.com.gh/french-sailor-saves-migrants-adrift-mediterranean/,Uncategorized,1
2014.MMP00222,2014.MMP00222,Europe,"Thu, 07/10/2014 - 12:00",2014,July,1,,1,,,1,,Drowning,"Body recovered near Lisa, Norway on 02.01.2015",Dagbladet,"50.9815873, 1.810620814","English Channel to the UK","https://bit.ly/2LI6ELU, https://bbc.in/2Z3WuvQ, https://archive.vn/pTnr0",Uncategorized,3
2014.MMP00223,2014.MMP00223,Europe,"Thu, 07/10/2014 - 12:00",2014,July,1,,1,,,1,,Drowning,"Body recovered on Texel, Netherlands on 27.10.2014",Dagbladet,"51.00534374, 1.826413661","English Channel to the UK","https://bit.ly/2LI6ELU, https://bbc.in/2Z3WuvQ, https://archive.vn/pTnr0",Uncategorized,3
2014.MMP00224,2014.MMP00224,"Central America","Sun, 10/12/2014 - 12:00",2014,October,1,,1,,,1,,"Vehicle accident / death linked to hazardous transport","Santa Ana, Sonora, Mexico",InfoNogales,"30.5398333, -111.1196215",,http://bit.ly/1X6PLch,"Central America",1
2014.MMP00225,2014.MMP00225,"South-eastern Asia","Tue, 10/14/2014 - 12:00",2014,October,,4,4,,,4,,Drowning,"Thailand, north of Phuket","Phuketwan and Reuters","9.00988, 98.2892",,"http://bit.ly/1txbmNy, http://bit.ly/1xKzgmJ","South-eastern Asia",3
2014.MMP00226,2014.MMP00226,"Eastern Africa","Thu, 10/16/2014 - 12:00",2014,October,1,,1,,,1,,Drowning,"Between Bosaso and Yemen (Jalooba)",SHS,"12.6082, 48.8232","Horn of Africa to Yemen crossing",http://shsyemen.org/en/,Uncategorized,4
2014.MMP00227,2014.MMP00227,"Eastern Africa","Fri, 10/17/2014 - 12:00",2014,October,1,,1,,,1,,Drowning,"Between Bosaso and Yemen (Bin Sinaa)",SHS,"12.5331, 48","Horn of Africa to Yemen crossing",http://shsyemen.org/en/,Uncategorized,4
2014.MMP00228,2014.MMP00228,"Eastern Africa","Fri, 10/17/2014 - 12:00",2014,October,1,,1,,,1,,Drowning,"Between Bosaso and Yemen (Bin Sinaa)",SHS,"12.5331, 48","Horn of Africa to Yemen crossing",http://shsyemen.org/en/,Uncategorized,4
2014.MMP00229,2014.MMP00229,"Eastern Africa","Fri, 10/17/2014 - 12:00",2014,October,1,,1,,,1,,Drowning,"Between Bosaso and Yemen (Bin Sinaa)",SHS,"12.5331, 48","Horn of Africa to Yemen crossing",http://shsyemen.org/en/,Uncategorized,4
2014.MMP00230,2014.MMP00230,"Eastern Africa","Fri, 10/17/2014 - 12:00",2014,October,1,,1,,,1,,Drowning,"Between Bosaso and Yemen (Bin Sinaa)",SHS,"12.5331, 48","Horn of Africa to Yemen crossing",http://shsyemen.org/en/,Uncategorized,4
2014.MMP00231,2014.MMP00231,"Eastern Africa","Fri, 10/17/2014 - 12:00",2014,October,1,,1,,,1,,Drowning,"Between Bosaso and Yemen (Hasihasah)",SHS,"12.5331, 47.9224","Horn of Africa to Yemen crossing",http://shsyemen.org/en/,Uncategorized,4
2014.MMP00232,2014.MMP00232,"Eastern Africa","Fri, 10/17/2014 - 12:00",2014,October,1,,1,,,1,,Drowning,"Between Bosaso and Yemen (Harow)",SHS,"12.5331, 47.9224","Horn of Africa to Yemen crossing",http://shsyemen.org/en/,Uncategorized,4
2014.MMP00233,2014.MMP00233,"Eastern Africa","Fri, 10/17/2014 - 12:00",2014,October,1,,1,,,1,,Drowning,"Between Bosaso and Yemen (Muwaisaâa)",SHS,"12.5331, 47.9224","Horn of Africa to Yemen crossing",http://shsyemen.org/en/,Uncategorized,4
2014.MMP00234,2014.MMP00234,Europe,"Mon, 10/20/2014 - 12:00",2014,October,1,,1,,1,0,1,"Vehicle accident / death linked to hazardous transport","A16 Motorway, Port of Calais, France",KentOnline,"50.951314, 1.85869","English Channel to the UK","http://bit.ly/1tj1pkQ, https://archive.vn/Qblop","Western Europe",3
2014.MMP00235,2014.MMP00235,Europe,"Fri, 10/24/2014 - 12:00",2014,October,1,,1,,,1,,"Vehicle accident / death linked to hazardous transport","Calais, France","Institute for Race Relactions, Calais Migrant Solidarity","50.9513, 1.85869","English Channel to the UK",https://archive.vn/pTnr0,"Western Europe",4
2014.MMP00236,2014.MMP00236,Caribbean,"Mon, 10/27/2014 - 12:00",2014,October,,2,2,11,,,,Drowning,"24 miles south of Miami, Florida","NY Times","24.5671, -80.321",,http://nyti.ms/1ztzz96,Caribbean,1
2014.MMP00237,2014.MMP00237,Mediterranean,"Wed, 10/29/2014 - 12:00",2014,October,,20,20,93,,,,Drowning,"off the coast of Libya","Mail Online and IOM Rome",,"Central Mediterranean",http://dailym.ai/1EczOFt,Uncategorized,4
2014.MMP00238,2014.MMP00238,"Central America","Fri, 10/31/2014 - 12:00",2014,October,41,,41,,4,12,,"Mixed or unknown","Various locations in Mexico","Minitry of External Relations, Government of Guatemala","23.6345, -102.553",,,"Central America",5
2014.MMP00239,2014.MMP00239,"Western Asia","Sat, 11/08/2014 - 12:00",2014,November,27,11,38,6,4,,11,Drowning,"Near Rumeli Feneri, Turkey at confluence Bosphorus and Black Sea","Hyrriet Daily News","41.2344374, 29.112145","Syria to Turkey","http://bit.ly/1wjEt2r, http://bit.ly/10Pl9l0, https://archive.vn/wip/GqA6p","Western Asia",3
2014.MMP00240,2014.MMP00240,Mediterranean,"Sat, 11/08/2014 - 12:00",2014,November,,4,4,5,,,1,Drowning,"Aegean Sea, Westen Turkey, off coast of Ayvalik","Daily Mail","39.279, 26.532","Eastern Mediterranean",http://bit.ly/1wjEt2r,Uncategorized,1
2014.MMP00241,2014.MMP00241,"Eastern Africa","Tue, 11/11/2014 - 12:00",2014,November,,30,30,,,,,Drowning,"off the coast of Djibouti","IOM Obock","12.36166, 43.52799","Horn of Africa to Yemen crossing",http://bit.ly/1GNTj9G,"Eastern Africa",4
2014.MMP00242,2014.MMP00242,Europe,"Wed, 11/19/2014 - 12:00",2014,November,2,,2,,,,,"Vehicle accident / death linked to hazardous transport","Dunkirk, Loon-Plague port, France","Daily Mail","50.9966, 2.2574","English Channel to the UK","http://dailym.ai/1r4Egyr, https://archive.vn/GpmOw, https://archive.vn/pTnr0","Western Europe",3
2014.MMP00243,2014.MMP00243,Mediterranean,"Wed, 11/26/2014 - 12:00",2014,November,,6,6,,,,,Drowning,"Between Libya and Italy","IOM Italy","36.3151, 12.9199","Central Mediterranean",,Uncategorized,4
2014.MMP00244,2014.MMP00244,Mediterranean,"Wed, 11/26/2014 - 12:00",2014,November,,12,12,,,,,Drowning,"Between Libya and Italy","IOM Italy","35.9246, 13.1616","Central Mediterranean",,Uncategorized,4
2014.MMP00245,2014.MMP00245,Europe,"Sun, 11/30/2014 - 12:00",2014,November,4,,4,,,4,,"Harsh environmental conditions / lack of adequate shelter, food, water","Bulgaria/Serbia border, near the village of Kireevo in south-western Bulgaria",Novinite,"43.7871261, 22.3723774","Western Balkans",http://bit.ly/2gMuEPf,"Eastern Europe",1
2014.MMP00246,2014.MMP00246,Europe,"Mon, 12/01/2014 - 12:00",2014,December,1,,1,,,1,,"Vehicle accident / death linked to hazardous transport","On A16 highway near Calais direction Calais-Boulogne","Calais Migrant Solidarity","50.8476, 2","English Channel to the UK","http://bit.ly/1vbpsyD, https://archive.vn/WNdVg, https://archive.vn/pTnr0","Western Europe",4
2014.MMP00247,2014.MMP00247,Mediterranean,"Fri, 12/05/2014 - 12:00",2014,December,17,,17,75,1,15,1,"Harsh environmental conditions / lack of adequate shelter, food, water","40 miles north of Tripoli, Libya in the Channel of Sicily.","IOM Rome","34.1618, 13.0737","Central Mediterranean",,Uncategorized,4
2014.MMP00248,2014.MMP00248,Mediterranean,"Fri, 12/05/2014 - 12:00",2014,December,,23,23,28,,,,Drowning,"20 miles (32 kilometers) off Cabo de Gata cape, Spain","Press TV","36.3992, -2.38403","Western Mediterranean",http://bit.ly/12VUMvt,Uncategorized,1
2014.MMP00249,2014.MMP00249,"Western Asia","Sun, 12/07/2014 - 12:00",2014,December,21,3,24,,,,,Drowning,"Off coast of Yemen, near al-Makha port","Reuters and IOM Saana","13.49112, 43.15973","Horn of Africa to Yemen crossing",http://reut.rs/1uapne0,"Eastern Africa",4
2014.MMP00250,2014.MMP00250,Europe,"Fri, 12/12/2014 - 12:00",2014,December,1,,1,,,1,,"Vehicle accident / death linked to hazardous transport","M25 highway, United Kingdom (driving from Calais, France)","Calais Migrant Solidarity, BBC","51.1208, 1.0437","English Channel to the UK","http://bit.ly/1zTn3Of, http://bit.ly/1DxA7u2, https://archive.vn/925ZV, https://archive.vn/pTnr0","Northern Europe",4
2014.MMP00251,2014.MMP00251,Caribbean,"Fri, 12/19/2014 - 12:00",2014,December,,1,1,,,1,,Drowning,"International waters about 22 miles from Cuban territory.","Miami Herald","23.6445, -80.2881","Cuba to US",https://archive.vn/2mfN4,Caribbean,1
2014.MMP00252,2014.MMP00252,Mediterranean,"Fri, 12/19/2014 - 12:00",2014,December,9,,9,21,,,3,Drowning,"off the coast of Tangier, Strait of Gibraltar",Reuters,"35.8468, -5.80353","Western Mediterranean",http://yhoo.it/1AqncZM,Uncategorized,1
2014.MMP00253,2014.MMP00253,Mediterranean,"Tue, 12/23/2014 - 12:00",2014,December,5,,5,,,1,,Drowning,"Unspecified location between North Africa and Italy","ANSA English","34.8138, 13.7109","Central Mediterranean",http://bit.ly/1xdZY9w,Uncategorized,1
2014.MMP00254,2014.MMP00254,Mediterranean,"Wed, 12/24/2014 - 12:00",2014,December,,30,30,,,,,"Mixed or unknown","Unspecified location between North Africa and Italy","IOM Rome","34.3071, 16.6113","Central Mediterranean",,Uncategorized,4
2014.MMP00255,2014.MMP00255,Mediterranean,"Sun, 12/28/2014 - 12:00",2014,December,,2,2,,,,,Drowning,"Greece to Italy","Saudi Press Agency","39.9771, 19.0503","Central Mediterranean",,Uncategorized,1
2014.MMP00256,2014.MMP00256,Mediterranean,"Mon, 12/29/2014 - 12:00",2014,December,,9,9,2,,,,Drowning,"Off town of GÃ¼mÃ¼?lÃ¼k, near the city of Bodrum, Turkey","IOM Turkey, via Turkish Coast Guard Command, reported in Todays Zaman","36.9993, 27.36418","Eastern Mediterranean",http://bit.ly/1xAWSfK,Uncategorized,4
2014.MMP00257,2014.MMP00257,"Northern Africa","Sun, 11/30/2014 - 12:00",2014,November,1,,1,,,,,Violence,"Unspecified location, Libya",MHub,"25.131133, 11.858396","Sahara Desert crossing",,"Northern Africa",2
2014.MMP00258,2014.MMP00258,Mediterranean,"Tue, 12/30/2014 - 12:00",2014,December,4,,4,,,,,Drowning,"Bodies recovered near Zarzia and Ben Gardane, Tunsia","IOM Tunisia","33.3482565, 11.109411","Central Mediterranean",,Uncategorized,4
2014.MMP00259,2014.MMP00259,"South-eastern Asia","Wed, 12/31/2014 - 12:00",2014,December,,750,750,,,,250,"Mixed or unknown","Departed from Arakan, Myanmar. Vast majority going towards Thailand and Malaysia, others more south in the Indian Ocean",UNHCR,"14.60759586, 93.21449103",,http://bit.ly/1G6YUEZ,"South-eastern Asia",4
2014.MMP00260,2014.MMP00260,"Eastern Africa","Tue, 09/30/2014 - 12:00",2014,September,16,,16,,,,,"Mixed or unknown","Multiple locations","IOM Djibouti","9.1303782, 41.2808577","Horn of Africa to Yemen crossing",,Uncategorized,4
2014.MMP00261,2014.MMP00261,"North America","Tue, 09/30/2014 - 12:00",2014,September,111,,111,,,,,"Mixed or unknown",Mixed,"US Border Patrol","29.53547, -103.40325","US-Mexico border crossing",http://www.cbp.gov/newsroom/media-resources/stats,"Northern America",5
2014.MMP01000,2014.MMP01000,"North America","Thu, 01/02/2014 - 12:00",2014,January,1,,1,,,1,,"Mixed or unknown","Pima Country Office of the Medical Examiner jurisdiction, Arizona, USA (see coordinates for exact location)","Pima County Office of the Medical Examiner (PCOME)",,"US-Mexico border crossing",http://humaneborders.info/,"Northern America",5
2014.MMP01001,2014.MMP01001,"North America","Wed, 02/26/2014 - 12:00",2014,February,1,,1,,,1,,"Harsh environmental conditions / lack of adequate shelter, food, water","Pima Country Office of the Medical Examiner jurisdiction, Arizona, USA (see coordinates for exact location)","Pima County Office of the Medical Examiner (PCOME)",,"US-Mexico border crossing",http://humaneborders.info/,"Northern America",5
2014.MMP01002,2014.MMP01002,"North America","Thu, 03/27/2014 - 12:00",2014,March,1,,1,,,1,,Violence,"Pima Country Office of the Medical Examiner jurisdiction, Arizona, USA (see coordinates for exact location)","Pima County Office of the Medical Examiner (PCOME)",,"US-Mexico border crossing",http://humaneborders.info/,"Northern America",5
2014.MMP01003,2014.MMP01003,"North America","Sat, 04/12/2014 - 12:00",2014,April,1,,1,,,,,"Mixed or unknown","Pima Country Office of the Medical Examiner jurisdiction, Arizona, USA (see coordinates for exact location)","Pima County Office of the Medical Examiner (PCOME)",,"US-Mexico border crossing",http://humaneborders.info/,"Northern America",5
2014.MMP01004,2014.MMP01004,"North America","Tue, 04/15/2014 - 12:00",2014,April,1,,1,,,1,,Violence,"Pima Country Office of the Medical Examiner jurisdiction, Arizona, USA (see coordinates for exact location)","Pima County Office of the Medical Examiner (PCOME)",,"US-Mexico border crossing",http://humaneborders.info/,"Northern America",5
2014.MMP01005,2014.MMP01005,"North America","Sat, 05/03/2014 - 12:00",2014,May,1,,1,,,1,,"Mixed or unknown","Pima Country Office of the Medical Examiner jurisdiction, Arizona, USA (see coordinates for exact location)","Pima County Office of the Medical Examiner (PCOME)",,"US-Mexico border crossing",http://humaneborders.info/,"Northern America",5
2014.MMP01006,2014.MMP01006,"North America","Tue, 06/17/2014 - 12:00",2014,June,1,,1,,,1,,"Mixed or unknown","Pima Country Office of the Medical Examiner jurisdiction, Arizona, USA (see coordinates for exact location)","Pima County Office of the Medical Examiner (PCOME)",,"US-Mexico border crossing",http://humaneborders.info/,"Northern America",5
2014.MMP01007,2014.MMP01007,"North America","Tue, 06/17/2014 - 12:00",2014,June,1,,1,,,1,,"Mixed or unknown","Pima Country Office of the Medical Examiner jurisdiction, Arizona, USA (see coordinates for exact location)","Pima County Office of the Medical Examiner (PCOME)",,"US-Mexico border crossing",http://humaneborders.info/,"Northern America",5
2014.MMP01008,2014.MMP01008,"North America","Sun, 07/06/2014 - 12:00",2014,July,1,,1,,,1,,"Mixed or unknown","Pima Country Office of the Medical Examiner jurisdiction, Arizona, USA (see coordinates for exact location)","Pima County Office of the Medical Examiner (PCOME)",,"US-Mexico border crossing",http://humaneborders.info/,"Northern America",5
2014.MMP01009,2014.MMP01009,"North America","Tue, 09/09/2014 - 12:00",2014,September,1,,1,,,1,,"Mixed or unknown","Pima Country Office of the Medical Examiner jurisdiction, Arizona, USA (see coordinates for exact location)","Pima County Office of the Medical Examiner (PCOME)",,"US-Mexico border crossing",http://humaneborders.info/,"Northern America",5
2014.MMP01010,2014.MMP01010,"North America","Wed, 10/01/2014 - 12:00",2014,October,1,,1,,,1,,"Mixed or unknown","Pima Country Office of the Medical Examiner jurisdiction, Arizona, USA (see coordinates for exact location)","Pima County Office of the Medical Examiner (PCOME)","32.11158, -112.70088","US-Mexico border crossing",,"Northern America",5
2014.MMP01011,2014.MMP01011,"North America","Fri, 10/03/2014 - 12:00",2014,October,1,,1,,,1,,"Mixed or unknown","Pima Country Office of the Medical Examiner jurisdiction, Arizona, USA (see coordinates for exact location)","Pima County Office of the Medical Examiner (PCOME)",,"US-Mexico border crossing",http://humaneborders.info/,"Northern America",5
2014.MMP01012,2014.MMP01012,"North America","Thu, 10/09/2014 - 12:00",2014,October,1,,1,,,1,,"Mixed or unknown","Pima Country Office of the Medical Examiner jurisdiction, Arizona, USA (see coordinates for exact location)","Pima County Office of the Medical Examiner (PCOME)","31.363417, -109.9977","US-Mexico border crossing",,"Northern America",5
2014.MMP01013,2014.MMP01013,"North America","Sun, 10/12/2014 - 12:00",2014,October,1,,1,,,1,,"Mixed or unknown","Pima Country Office of the Medical Examiner jurisdiction, Arizona, USA (see coordinates for exact location)","Pima County Office of the Medical Examiner (PCOME)","31.7237, -111.4236","US-Mexico border crossing",,"Northern America",5
2014.MMP01014,2014.MMP01014,"North America","Wed, 10/15/2014 - 12:00",2014,October,1,,1,,,1,,"Mixed or unknown","Pima Country Office of the Medical Examiner jurisdiction, Arizona, USA (see coordinates for exact location)","Pima County Office of the Medical Examiner (PCOME)",,"US-Mexico border crossing",http://humaneborders.info/,"Northern America",5
2014.MMP01015,2014.MMP01015,"North America","Wed, 10/15/2014 - 12:00",2014,October,1,,1,,,1,,"Mixed or unknown","Pima Country Office of the Medical Examiner jurisdiction, Arizona, USA (see coordinates for exact location)","Pima County Office of the Medical Examiner (PCOME)",,"US-Mexico border crossing",http://humaneborders.info/,"Northern America",5
2014.MMP01016,2014.MMP01016,"North America","Sun, 10/19/2014 - 12:00",2014,October,1,,1,,,1,,"Mixed or unknown","Pima Country Office of the Medical Examiner jurisdiction, Arizona, USA (see coordinates for exact location)","Pima County Office of the Medical Examiner (PCOME)",,"US-Mexico border crossing",http://humaneborders.info/,"Northern America",5
2014.MMP01017,2014.MMP01017,"North America","Tue, 10/21/2014 - 12:00",2014,October,1,,1,,,1,,"Mixed or unknown","Pima Country Office of the Medical Examiner jurisdiction, Arizona, USA (see coordinates for exact location)","Pima County Office of the Medical Examiner (PCOME)",,"US-Mexico border crossing",http://humaneborders.info/,"Northern America",5
2014.MMP01018,2014.MMP01018,"North America","Fri, 10/24/2014 - 12:00",2014,October,1,,1,,,1,,Violence,"Pima Country Office of the Medical Examiner jurisdiction, Arizona, USA (see coordinates for exact location)","Pima County Office of the Medical Examiner (PCOME)",,"US-Mexico border crossing",http://humaneborders.info/,"Northern America",5
2014.MMP01019,2014.MMP01019,"North America","Tue, 10/28/2014 - 12:00",2014,October,1,,1,,,1,,"Mixed or unknown","Pima Country Office of the Medical Examiner jurisdiction, Arizona, USA (see coordinates for exact location)","Pima County Office of the Medical Examiner (PCOME)",,"US-Mexico border crossing",http://humaneborders.info/,"Northern America",5
2014.MMP01020,2014.MMP01020,"North America","Wed, 10/29/2014 - 12:00",2014,October,1,,1,,,1,,"Mixed or unknown","Pima Country Office of the Medical Examiner jurisdiction, Arizona, USA (see coordinates for exact location)","Pima County Office of the Medical Examiner (PCOME)",,"US-Mexico border crossing",http://humaneborders.info/,"Northern America",5
2014.MMP01021,2014.MMP01021,"North America","Wed, 10/29/2014 - 12:00",2014,October,1,,1,,,1,,"Mixed or unknown","Pima Country Office of the Medical Examiner jurisdiction, Arizona, USA (see coordinates for exact location)","Pima County Office of the Medical Examiner (PCOME)",,"US-Mexico border crossing",http://humaneborders.info/,"Northern America",5
2014.MMP01022,2014.MMP01022,"North America","Thu, 10/30/2014 - 12:00",2014,October,1,,1,,,1,,"Mixed or unknown","Pima Country Office of the Medical Examiner jurisdiction, Arizona, USA (see coordinates for exact location)","Pima County Office of the Medical Examiner (PCOME)",,"US-Mexico border crossing",http://humaneborders.info/,"Northern America",5
2014.MMP01023,2014.MMP01023,"North America","Thu, 11/06/2014 - 12:00",2014,November,1,,1,,,1,,"Mixed or unknown","Pima Country Office of the Medical Examiner jurisdiction, Arizona, USA (see coordinates for exact location)","Pima County Office of the Medical Examiner (PCOME)",,"US-Mexico border crossing",http://humaneborders.info/,"Northern America",5
2014.MMP01024,2014.MMP01024,"North America","Mon, 11/10/2014 - 12:00",2014,November,1,,1,,,1,,"Mixed or unknown","Pima Country Office of the Medical Examiner jurisdiction, Arizona, USA (see coordinates for exact location)","Pima County Office of the Medical Examiner (PCOME)",,"US-Mexico border crossing",http://humaneborders.info/,"Northern America",5
2014.MMP01025,2014.MMP01025,"North America","Wed, 11/12/2014 - 12:00",2014,November,1,,1,,,1,,"Mixed or unknown","Pima Country Office of the Medical Examiner jurisdiction, Arizona, USA (see coordinates for exact location)","Pima County Office of the Medical Examiner (PCOME)",,"US-Mexico border crossing",http://humaneborders.info/,"Northern America",5
2014.MMP01026,2014.MMP01026,"North America","Sun, 11/16/2014 - 12:00",2014,November,1,,1,,,1,,"Mixed or unknown","Pima Country Office of the Medical Examiner jurisdiction, Arizona, USA (see coordinates for exact location)","Pima County Office of the Medical Examiner (PCOME)",,"US-Mexico border crossing",http://humaneborders.info/,"Northern America",5
2014.MMP01027,2014.MMP01027,"North America","Wed, 11/26/2014 - 12:00",2014,November,1,,1,,1,,,"Harsh environmental conditions / lack of adequate shelter, food, water","Pima Country Office of the Medical Examiner jurisdiction, Arizona, USA (see coordinates for exact location)","Pima County Office of the Medical Examiner (PCOME)",,"US-Mexico border crossing",http://humaneborders.info/,"Northern America",5
2014.MMP01028,2014.MMP01028,"North America","Thu, 11/27/2014 - 12:00",2014,November,1,,1,,,1,,"Mixed or unknown","Pima Country Office of the Medical Examiner jurisdiction, Arizona, USA (see coordinates for exact location)","Pima County Office of the Medical Examiner (PCOME)",,"US-Mexico border crossing",http://humaneborders.info/,"Northern America",5
2014.MMP01029,2014.MMP01029,"North America","Thu, 11/27/2014 - 12:00",2014,November,1,,1,,,1,,"Mixed or unknown","Pima Country Office of the Medical Examiner jurisdiction, Arizona, USA (see coordinates for exact location)","Pima County Office of the Medical Examiner (PCOME)",,"US-Mexico border crossing",http://humaneborders.info/,"Northern America",5
2014.MMP01030,2014.MMP01030,"North America","Thu, 11/27/2014 - 12:00",2014,November,1,,1,,,1,,"Mixed or unknown","Pima Country Office of the Medical Examiner jurisdiction, Arizona, USA (see coordinates for exact location)","Pima County Office of the Medical Examiner (PCOME)",,"US-Mexico border crossing",http://humaneborders.info/,"Northern America",5
2014.MMP01031,2014.MMP01031,"North America","Wed, 12/03/2014 - 12:00",2014,December,1,,1,,,1,,"Mixed or unknown","Pima Country Office of the Medical Examiner jurisdiction, Arizona, USA (see coordinates for exact location)","Pima County Office of the Medical Examiner (PCOME)",,"US-Mexico border crossing",http://humaneborders.info/,"Northern America",5
2014.MMP01032,2014.MMP01032,"North America","Sat, 12/06/2014 - 12:00",2014,December,1,,1,,,1,,"Mixed or unknown","Pima Country Office of the Medical Examiner jurisdiction, Arizona, USA (see coordinates for exact location)","Pima County Office of the Medical Examiner (PCOME)",,"US-Mexico border crossing",http://humaneborders.info/,"Northern America",5
2014.MMP01033,2014.MMP01033,"North America","Tue, 12/09/2014 - 12:00",2014,December,1,,1,,,1,,"Mixed or unknown","Pima Country Office of the Medical Examiner jurisdiction, Arizona, USA (see coordinates for exact location)","Pima County Office of the Medical Examiner (PCOME)",,"US-Mexico border crossing",http://humaneborders.info/,"Northern America",5
2014.MMP01034,2014.MMP01034,"North America","Sat, 12/13/2014 - 12:00",2014,December,1,,1,,,1,,"Mixed or unknown","Pima Country Office of the Medical Examiner jurisdiction, Arizona, USA (see coordinates for exact location)","Pima County Office of the Medical Examiner (PCOME)",,"US-Mexico border crossing",http://humaneborders.info/,"Northern America",5
2014.MMP01035,2014.MMP01035,"North America","Sun, 12/28/2014 - 12:00",2014,December,1,,1,,,1,,"Mixed or unknown","Pima Country Office of the Medical Examiner jurisdiction, Arizona, USA (see coordinates for exact location)","Pima County Office of the Medical Examiner (PCOME)",,"US-Mexico border crossing",http://humaneborders.info/,"Northern America",5
2014.MMP01036,2014.MMP01036,"North America","Sun, 12/28/2014 - 12:00",2014,December,1,,1,,,1,,"Mixed or unknown","Pima Country Office of the Medical Examiner jurisdiction, Arizona, USA (see coordinates for exact location)","Pima County Office of the Medical Examiner (PCOME)",,"US-Mexico border crossing",http://humaneborders.info/,"Northern America",5
2014.MMP01037,2014.MMP01037,"North America","Wed, 12/31/2014 - 12:00",2014,December,1,,1,,,1,,"Mixed or unknown","Pima Country Office of the Medical Examiner jurisdiction, Arizona, USA (see coordinates for exact location)","Pima County Office of the Medical Examiner (PCOME)",,"US-Mexico border crossing",http://humaneborders.info/,"Northern America",5
2014.MMP1000,2014.MMP1000,"North America","Sun, 03/30/2014 - 12:00",2014,March,1,,1,,,1,,"Mixed or unknown","Pima county, Arizona, USA","Pima County Office of the Medical Examiner (PCOME)","32.3087, -111.7528","US-Mexico border crossing",http://humaneborders.info/,"Northern America",5
2014.MMP1039,2014.MMP1039,Mediterranean,"Mon, 10/27/2014 - 12:00",2014,October,,2,2,,,1,,Drowning,"Unspecified location in the Aegean Sea between Turkey and Greece",rd.nl,"38.74477, 26.486067","Eastern Mediterranean",https://archive.vn/r6I7Q,Uncategorized,1
2014.MMP1039,2014.MMP1039310,Mediterranean,"Mon, 10/27/2014 - 12:00",2014,October,,1,1,,,,,Drowning,"Unspecified location in the Aegean Sea between Turkey and Greece",rd.nl,"38.74477, 26.486067","Eastern Mediterranean",https://archive.vn/r6I7Q,Uncategorized,1